,,,,,,
,,,,,,
,Ponto,FILIAL,BAIRRO,OCORRÊNCIAS,Total,% 
,ABRIGOS,FILIAL LESTE,AGUA RASA,CAIXA DO PAINEL  DANIFICADA,,"0,00%"
,ABRIGOS,FILIAL LESTE,AGUA RASA,COBERTURA  DANIFICADA,1,"0,06%"
,ABRIGOS,FILIAL LESTE,AGUA RASA,COBERTURA  SEM PLACAS,,"0,00%"
,ABRIGOS,FILIAL LESTE,AGUA RASA,COBERTURA  INFILTRAÇÃO,,"0,00%"
,ABRIGOS,FILIAL LESTE,AGUA RASA,COBERTURA  VIDRO QUEBRADO,,"0,00%"
,ABRIGOS,FILIAL LESTE,AGUA RASA,COBERTURA  SUJA,,"0,00%"
,ABRIGOS,FILIAL LESTE,AGUA RASA,ELÉTRICA  CAIXA ATERRAMENTO SEM TAMPA,,"0,00%"
,ABRIGOS,FILIAL LESTE,AGUA RASA,ELÉTRICA  CAIXA ENERGIA DANIFICADA,1,"0,06%"
,ABRIGOS,FILIAL LESTE,AGUA RASA,ELÉTRICA  FIAÇÃO POSTE DESCONECTADA,,"0,00%"
,ABRIGOS,FILIAL LESTE,AGUA RASA,ELÉTRICA  FIAÇÃO EXPOSTA,,"0,00%"
,ABRIGOS,FILIAL LESTE,AGUA RASA,ELÉTRICA  LUMINÁRIA ACESA DE DIA,,"0,00%"
,ABRIGOS,FILIAL LESTE,AGUA RASA,ELÉTRICA  LUMINÁRIA AUSENTE,,"0,00%"
,ABRIGOS,FILIAL LESTE,AGUA RASA,ELÉTRICA  LUMINÁRIA DANIFICADA,1,"0,06%"
,ABRIGOS,FILIAL LESTE,AGUA RASA,ELÉTRICA  POSTE AUXILIAR SUPRIMIDO,,"0,00%"
,ABRIGOS,FILIAL LESTE,AGUA RASA,ESTRUTURA ABRIGO  BANCO PICHADO,,"0,00%"
,ABRIGOS,FILIAL LESTE,AGUA RASA,ESTRUTURA ABRIGO  BANCO QUEBRADO,,"0,00%"
,ABRIGOS,FILIAL LESTE,AGUA RASA,ESTRUTURA ABRIGO  COLAGEM,,"0,00%"
,ABRIGOS,FILIAL LESTE,AGUA RASA,ESTRUTURA ABRIGO  DANIFICADA,,"0,00%"
,ABRIGOS,FILIAL LESTE,AGUA RASA,ESTRUTURA ABRIGO  PINTURA RISCADA/DANIFICADA,,"0,00%"
,ABRIGOS,FILIAL LESTE,AGUA RASA,ESTRUTURA ABRIGO  PICHAÇÃO,,"0,00%"
,ABRIGOS,FILIAL LESTE,AGUA RASA,ESTRUTURA ABRIGO  SPIDER,,"0,00%"
,ABRIGOS,FILIAL LESTE,AGUA RASA,ESTRUTURA ABRIGO  SUJO,,"0,00%"
,ABRIGOS,FILIAL LESTE,AGUA RASA,ITINERARIO  AUSENTE,,"0,00%"
,ABRIGOS,FILIAL LESTE,AGUA RASA,ITINERARIO  DANIFICADO PARCIALMENTE,,"0,00%"
,ABRIGOS,FILIAL LESTE,AGUA RASA,ITINERARIO  PICTOGRAMA DANIFICADO,,"0,00%"
,ABRIGOS,FILIAL LESTE,AGUA RASA,PAINEL  FERRUGEM,,"0,00%"
,ABRIGOS,FILIAL LESTE,AGUA RASA,PAINEL  SUJO,,"0,00%"
,ABRIGOS,FILIAL LESTE,AGUA RASA,PAINEL  ILUMINADO DE DIA,,"0,00%"
,ABRIGOS,FILIAL LESTE,AGUA RASA,PAINEL  INEXISTENTE,,"0,00%"
,ABRIGOS,FILIAL LESTE,AGUA RASA,PAINEL  VIDRO QUEBRADO,,"0,00%"
,ABRIGOS,FILIAL LESTE,AGUA RASA,PISO  ENTORNO INADEQUADO,,"0,00%"
,ABRIGOS,FILIAL LESTE,AGUA RASA,PISO  PODOTATIL AUSENTE,,"0,00%"
,ABRIGOS,FILIAL LESTE,AGUA RASA,TOTEM  COM COLAGEM,,"0,00%"
,ABRIGOS,FILIAL LESTE,AGUA RASA,PISO  PODOTATIL DANIFICADO,1,"0,06%"
,ABRIGOS,FILIAL LESTE,AGUA RASA,PISO  SUJO,,"0,00%"
,ABRIGOS,FILIAL LESTE,AGUA RASA,TOTEM  COM FERRUGEM,1,"0,06%"
,ABRIGOS,FILIAL LESTE,AGUA RASA,TOTEM  INCLINADO/BASE DANIFICADA,,"0,00%"
,ABRIGOS,FILIAL LESTE,AGUA RASA,TOTEM  INEXISTENTE/SUPRIMIDO,,"0,00%"
,ABRIGOS,FILIAL LESTE,AGUA RASA,TOTEM  PICHAÇÃO,,"0,00%"
,ABRIGOS,FILIAL LESTE,AGUA RASA,TOTEM  RISCADO,,"0,00%"
,ABRIGOS,FILIAL LESTE,AGUA RASA,TOTEM  RISCADO/DANIFICADO,,"0,00%"
,ABRIGOS,FILIAL LESTE,AGUA RASA,VIDRO  QUEBRADO,,"0,00%"
,ABRIGOS,FILIAL LESTE,AGUA RASA,VIDRO  ANTEPARO AUSENTE,,"0,00%"
,ABRIGOS,FILIAL LESTE,AGUA RASA,VIDRO  PICHAÇÃO,1,"0,06%"
,ABRIGOS,FILIAL LESTE,AGUA RASA,VIDRO  RESINA,2,"0,12%"
,ABRIGOS,FILIAL LESTE,AGUA RASA,VIDRO  RISCADO,,"0,00%"
,ABRIGOS,FILIAL LESTE,AGUA RASA,VIDROS  COLAGEM,,"0,00%"
,ABRIGOS,FILIAL LESTE,CARRAO,CAIXA DO PAINEL  DANIFICADA,,"0,00%"
,ABRIGOS,FILIAL LESTE,CARRAO,COBERTURA  DANIFICADA,,"0,00%"
,ABRIGOS,FILIAL LESTE,CARRAO,COBERTURA  SEM PLACAS,,"0,00%"
,ABRIGOS,FILIAL LESTE,CARRAO,COBERTURA  INFILTRAÇÃO,,"0,00%"
,ABRIGOS,FILIAL LESTE,CARRAO,COBERTURA  VIDRO QUEBRADO,,"0,00%"
,ABRIGOS,FILIAL LESTE,CARRAO,COBERTURA  SUJA,,"0,00%"
,ABRIGOS,FILIAL LESTE,CARRAO,ELÉTRICA  CAIXA ATERRAMENTO SEM TAMPA,,"0,00%"
,ABRIGOS,FILIAL LESTE,CARRAO,ELÉTRICA  CAIXA ENERGIA DANIFICADA,,"0,00%"
,ABRIGOS,FILIAL LESTE,CARRAO,ELÉTRICA  FIAÇÃO POSTE DESCONECTADA,,"0,00%"
,ABRIGOS,FILIAL LESTE,CARRAO,ELÉTRICA  FIAÇÃO EXPOSTA,,"0,00%"
,ABRIGOS,FILIAL LESTE,CARRAO,ELÉTRICA  LUMINÁRIA ACESA DE DIA,,"0,00%"
,ABRIGOS,FILIAL LESTE,CARRAO,ELÉTRICA  LUMINÁRIA AUSENTE,,"0,00%"
,ABRIGOS,FILIAL LESTE,CARRAO,ELÉTRICA  LUMINÁRIA DANIFICADA,2,"0,12%"
,ABRIGOS,FILIAL LESTE,CARRAO,ELÉTRICA  POSTE AUXILIAR SUPRIMIDO,,"0,00%"
,ABRIGOS,FILIAL LESTE,CARRAO,ESTRUTURA ABRIGO  BANCO PICHADO,,"0,00%"
,ABRIGOS,FILIAL LESTE,CARRAO,ESTRUTURA ABRIGO  BANCO QUEBRADO,,"0,00%"
,ABRIGOS,FILIAL LESTE,CARRAO,ESTRUTURA ABRIGO  COLAGEM,,"0,00%"
,ABRIGOS,FILIAL LESTE,CARRAO,ESTRUTURA ABRIGO  DANIFICADA,,"0,00%"
,ABRIGOS,FILIAL LESTE,CARRAO,ESTRUTURA ABRIGO  PINTURA RISCADA/DANIFICADA,,"0,00%"
,ABRIGOS,FILIAL LESTE,CARRAO,ESTRUTURA ABRIGO  PICHAÇÃO,,"0,00%"
,ABRIGOS,FILIAL LESTE,CARRAO,ESTRUTURA ABRIGO  SPIDER,,"0,00%"
,ABRIGOS,FILIAL LESTE,CARRAO,ESTRUTURA ABRIGO  SUJO,,"0,00%"
,ABRIGOS,FILIAL LESTE,CARRAO,ITINERARIO  AUSENTE,1,"0,06%"
,ABRIGOS,FILIAL LESTE,CARRAO,ITINERARIO  DANIFICADO PARCIALMENTE,,"0,00%"
,ABRIGOS,FILIAL LESTE,CARRAO,ITINERARIO  PICTOGRAMA DANIFICADO,,"0,00%"
,ABRIGOS,FILIAL LESTE,CARRAO,PAINEL  FERRUGEM,,"0,00%"
,ABRIGOS,FILIAL LESTE,CARRAO,PAINEL  SUJO,,"0,00%"
,ABRIGOS,FILIAL LESTE,CARRAO,PAINEL  ILUMINADO DE DIA,,"0,00%"
,ABRIGOS,FILIAL LESTE,CARRAO,PAINEL  INEXISTENTE,,"0,00%"
,ABRIGOS,FILIAL LESTE,CARRAO,PAINEL  VIDRO QUEBRADO,,"0,00%"
,ABRIGOS,FILIAL LESTE,CARRAO,PISO  ENTORNO INADEQUADO,,"0,00%"
,ABRIGOS,FILIAL LESTE,CARRAO,PISO  PODOTATIL AUSENTE,,"0,00%"
,ABRIGOS,FILIAL LESTE,CARRAO,TOTEM  COM COLAGEM,,"0,00%"
,ABRIGOS,FILIAL LESTE,CARRAO,PISO  PODOTATIL DANIFICADO,2,"0,12%"
,ABRIGOS,FILIAL LESTE,CARRAO,PISO  SUJO,,"0,00%"
,ABRIGOS,FILIAL LESTE,CARRAO,TOTEM  COM FERRUGEM,,"0,00%"
,ABRIGOS,FILIAL LESTE,CARRAO,TOTEM  INCLINADO/BASE DANIFICADA,,"0,00%"
,ABRIGOS,FILIAL LESTE,CARRAO,TOTEM  INEXISTENTE/SUPRIMIDO,,"0,00%"
,ABRIGOS,FILIAL LESTE,CARRAO,TOTEM  PICHAÇÃO,,"0,00%"
,ABRIGOS,FILIAL LESTE,CARRAO,TOTEM  RISCADO,,"0,00%"
,ABRIGOS,FILIAL LESTE,CARRAO,TOTEM  RISCADO/DANIFICADO,,"0,00%"
,ABRIGOS,FILIAL LESTE,CARRAO,VIDRO  QUEBRADO,,"0,00%"
,ABRIGOS,FILIAL LESTE,CARRAO,VIDRO  ANTEPARO AUSENTE,,"0,00%"
,ABRIGOS,FILIAL LESTE,CARRAO,VIDRO  PICHAÇÃO,,"0,00%"
,ABRIGOS,FILIAL LESTE,CARRAO,VIDRO  RESINA,,"0,00%"
,ABRIGOS,FILIAL LESTE,CARRAO,VIDRO  RISCADO,3,"0,18%"
,ABRIGOS,FILIAL LESTE,CARRAO,VIDROS  COLAGEM,1,"0,06%"
,ABRIGOS,FILIAL LESTE,MOOCA,CAIXA DO PAINEL  DANIFICADA,,"0,00%"
,ABRIGOS,FILIAL LESTE,MOOCA,COBERTURA  DANIFICADA,,"0,00%"
,ABRIGOS,FILIAL LESTE,MOOCA,COBERTURA  SEM PLACAS,,"0,00%"
,ABRIGOS,FILIAL LESTE,MOOCA,COBERTURA  INFILTRAÇÃO,,"0,00%"
,ABRIGOS,FILIAL LESTE,MOOCA,COBERTURA  VIDRO QUEBRADO,,"0,00%"
,ABRIGOS,FILIAL LESTE,MOOCA,COBERTURA  SUJA,,"0,00%"
,ABRIGOS,FILIAL LESTE,MOOCA,ELÉTRICA  CAIXA ATERRAMENTO SEM TAMPA,,"0,00%"
,ABRIGOS,FILIAL LESTE,MOOCA,ELÉTRICA  CAIXA ENERGIA DANIFICADA,,"0,00%"
,ABRIGOS,FILIAL LESTE,MOOCA,ELÉTRICA  FIAÇÃO POSTE DESCONECTADA,,"0,00%"
,ABRIGOS,FILIAL LESTE,MOOCA,ELÉTRICA  FIAÇÃO EXPOSTA,,"0,00%"
,ABRIGOS,FILIAL LESTE,MOOCA,ELÉTRICA  LUMINÁRIA ACESA DE DIA,,"0,00%"
,ABRIGOS,FILIAL LESTE,MOOCA,ELÉTRICA  LUMINÁRIA AUSENTE,4,"0,24%"
,ABRIGOS,FILIAL LESTE,MOOCA,ELÉTRICA  LUMINÁRIA DANIFICADA,5,"0,30%"
,ABRIGOS,FILIAL LESTE,MOOCA,ELÉTRICA  POSTE AUXILIAR SUPRIMIDO,1,"0,06%"
,ABRIGOS,FILIAL LESTE,MOOCA,ESTRUTURA ABRIGO  BANCO PICHADO,,"0,00%"
,ABRIGOS,FILIAL LESTE,MOOCA,ESTRUTURA ABRIGO  BANCO QUEBRADO,,"0,00%"
,ABRIGOS,FILIAL LESTE,MOOCA,ESTRUTURA ABRIGO  COLAGEM,,"0,00%"
,ABRIGOS,FILIAL LESTE,MOOCA,ESTRUTURA ABRIGO  DANIFICADA,,"0,00%"
,ABRIGOS,FILIAL LESTE,MOOCA,ESTRUTURA ABRIGO  PINTURA RISCADA/DANIFICADA,,"0,00%"
,ABRIGOS,FILIAL LESTE,MOOCA,ESTRUTURA ABRIGO  PICHAÇÃO,,"0,00%"
,ABRIGOS,FILIAL LESTE,MOOCA,ESTRUTURA ABRIGO  SPIDER,,"0,00%"
,ABRIGOS,FILIAL LESTE,MOOCA,ESTRUTURA ABRIGO  SUJO,,"0,00%"
,ABRIGOS,FILIAL LESTE,MOOCA,ITINERARIO  AUSENTE,,"0,00%"
,ABRIGOS,FILIAL LESTE,MOOCA,ITINERARIO  DANIFICADO PARCIALMENTE,,"0,00%"
,ABRIGOS,FILIAL LESTE,MOOCA,ITINERARIO  PICTOGRAMA DANIFICADO,,"0,00%"
,ABRIGOS,FILIAL LESTE,MOOCA,PAINEL  FERRUGEM,1,"0,06%"
,ABRIGOS,FILIAL LESTE,MOOCA,PAINEL  SUJO,,"0,00%"
,ABRIGOS,FILIAL LESTE,MOOCA,PAINEL  ILUMINADO DE DIA,1,"0,06%"
,ABRIGOS,FILIAL LESTE,MOOCA,PAINEL  INEXISTENTE,,"0,00%"
,ABRIGOS,FILIAL LESTE,MOOCA,PAINEL  VIDRO QUEBRADO,,"0,00%"
,ABRIGOS,FILIAL LESTE,MOOCA,PISO  ENTORNO INADEQUADO,1,"0,06%"
,ABRIGOS,FILIAL LESTE,MOOCA,PISO  PODOTATIL AUSENTE,,"0,00%"
,ABRIGOS,FILIAL LESTE,MOOCA,TOTEM  COM COLAGEM,,"0,00%"
,ABRIGOS,FILIAL LESTE,MOOCA,PISO  PODOTATIL DANIFICADO,1,"0,06%"
,ABRIGOS,FILIAL LESTE,MOOCA,PISO  SUJO,,"0,00%"
,ABRIGOS,FILIAL LESTE,MOOCA,TOTEM  COM FERRUGEM,1,"0,06%"
,ABRIGOS,FILIAL LESTE,MOOCA,TOTEM  INCLINADO/BASE DANIFICADA,,"0,00%"
,ABRIGOS,FILIAL LESTE,MOOCA,TOTEM  INEXISTENTE/SUPRIMIDO,,"0,00%"
,ABRIGOS,FILIAL LESTE,MOOCA,TOTEM  PICHAÇÃO,,"0,00%"
,ABRIGOS,FILIAL LESTE,MOOCA,TOTEM  RISCADO,,"0,00%"
,ABRIGOS,FILIAL LESTE,MOOCA,TOTEM  RISCADO/DANIFICADO,,"0,00%"
,ABRIGOS,FILIAL LESTE,MOOCA,VIDRO  QUEBRADO,,"0,00%"
,ABRIGOS,FILIAL LESTE,MOOCA,VIDRO  ANTEPARO AUSENTE,,"0,00%"
,ABRIGOS,FILIAL LESTE,MOOCA,VIDRO  PICHAÇÃO,,"0,00%"
,ABRIGOS,FILIAL LESTE,MOOCA,VIDRO  RESINA,1,"0,06%"
,ABRIGOS,FILIAL LESTE,MOOCA,VIDRO  RISCADO,1,"0,06%"
,ABRIGOS,FILIAL LESTE,MOOCA,VIDROS  COLAGEM,3,"0,18%"
,ABRIGOS,FILIAL LESTE,SAO MATEUS,CAIXA DO PAINEL  DANIFICADA,,"0,00%"
,ABRIGOS,FILIAL LESTE,SAO MATEUS,COBERTURA  DANIFICADA,,"0,00%"
,ABRIGOS,FILIAL LESTE,SAO MATEUS,COBERTURA  SEM PLACAS,,"0,00%"
,ABRIGOS,FILIAL LESTE,SAO MATEUS,COBERTURA  INFILTRAÇÃO,1,"0,06%"
,ABRIGOS,FILIAL LESTE,SAO MATEUS,COBERTURA  VIDRO QUEBRADO,,"0,00%"
,ABRIGOS,FILIAL LESTE,SAO MATEUS,COBERTURA  SUJA,,"0,00%"
,ABRIGOS,FILIAL LESTE,SAO MATEUS,ELÉTRICA  CAIXA ATERRAMENTO SEM TAMPA,,"0,00%"
,ABRIGOS,FILIAL LESTE,SAO MATEUS,ELÉTRICA  CAIXA ENERGIA DANIFICADA,,"0,00%"
,ABRIGOS,FILIAL LESTE,SAO MATEUS,ELÉTRICA  FIAÇÃO POSTE DESCONECTADA,,"0,00%"
,ABRIGOS,FILIAL LESTE,SAO MATEUS,ELÉTRICA  FIAÇÃO EXPOSTA,,"0,00%"
,ABRIGOS,FILIAL LESTE,SAO MATEUS,ELÉTRICA  LUMINÁRIA ACESA DE DIA,,"0,00%"
,ABRIGOS,FILIAL LESTE,SAO MATEUS,ELÉTRICA  LUMINÁRIA AUSENTE,,"0,00%"
,ABRIGOS,FILIAL LESTE,SAO MATEUS,ELÉTRICA  LUMINÁRIA DANIFICADA,,"0,00%"
,ABRIGOS,FILIAL LESTE,SAO MATEUS,ELÉTRICA  POSTE AUXILIAR SUPRIMIDO,,"0,00%"
,ABRIGOS,FILIAL LESTE,SAO MATEUS,ESTRUTURA ABRIGO  BANCO PICHADO,,"0,00%"
,ABRIGOS,FILIAL LESTE,SAO MATEUS,ESTRUTURA ABRIGO  BANCO QUEBRADO,,"0,00%"
,ABRIGOS,FILIAL LESTE,SAO MATEUS,ESTRUTURA ABRIGO  COLAGEM,,"0,00%"
,ABRIGOS,FILIAL LESTE,SAO MATEUS,ESTRUTURA ABRIGO  DANIFICADA,,"0,00%"
,ABRIGOS,FILIAL LESTE,SAO MATEUS,ESTRUTURA ABRIGO  PINTURA RISCADA/DANIFICADA,,"0,00%"
,ABRIGOS,FILIAL LESTE,SAO MATEUS,ESTRUTURA ABRIGO  PICHAÇÃO,,"0,00%"
,ABRIGOS,FILIAL LESTE,SAO MATEUS,ESTRUTURA ABRIGO  SPIDER,,"0,00%"
,ABRIGOS,FILIAL LESTE,SAO MATEUS,ESTRUTURA ABRIGO  SUJO,,"0,00%"
,ABRIGOS,FILIAL LESTE,SAO MATEUS,ITINERARIO  AUSENTE,,"0,00%"
,ABRIGOS,FILIAL LESTE,SAO MATEUS,ITINERARIO  DANIFICADO PARCIALMENTE,,"0,00%"
,ABRIGOS,FILIAL LESTE,SAO MATEUS,ITINERARIO  PICTOGRAMA DANIFICADO,,"0,00%"
,ABRIGOS,FILIAL LESTE,SAO MATEUS,PAINEL  FERRUGEM,,"0,00%"
,ABRIGOS,FILIAL LESTE,SAO MATEUS,PAINEL  SUJO,,"0,00%"
,ABRIGOS,FILIAL LESTE,SAO MATEUS,PAINEL  ILUMINADO DE DIA,,"0,00%"
,ABRIGOS,FILIAL LESTE,SAO MATEUS,PAINEL  INEXISTENTE,,"0,00%"
,ABRIGOS,FILIAL LESTE,SAO MATEUS,PAINEL  VIDRO QUEBRADO,,"0,00%"
,ABRIGOS,FILIAL LESTE,SAO MATEUS,PISO  ENTORNO INADEQUADO,,"0,00%"
,ABRIGOS,FILIAL LESTE,SAO MATEUS,PISO  PODOTATIL AUSENTE,,"0,00%"
,ABRIGOS,FILIAL LESTE,SAO MATEUS,TOTEM  COM COLAGEM,,"0,00%"
,ABRIGOS,FILIAL LESTE,SAO MATEUS,PISO  PODOTATIL DANIFICADO,,"0,00%"
,ABRIGOS,FILIAL LESTE,SAO MATEUS,PISO  SUJO,,"0,00%"
,ABRIGOS,FILIAL LESTE,SAO MATEUS,TOTEM  COM FERRUGEM,,"0,00%"
,ABRIGOS,FILIAL LESTE,SAO MATEUS,TOTEM  INCLINADO/BASE DANIFICADA,,"0,00%"
,ABRIGOS,FILIAL LESTE,SAO MATEUS,TOTEM  INEXISTENTE/SUPRIMIDO,,"0,00%"
,ABRIGOS,FILIAL LESTE,SAO MATEUS,TOTEM  PICHAÇÃO,,"0,00%"
,ABRIGOS,FILIAL LESTE,SAO MATEUS,TOTEM  RISCADO,,"0,00%"
,ABRIGOS,FILIAL LESTE,SAO MATEUS,TOTEM  RISCADO/DANIFICADO,,"0,00%"
,ABRIGOS,FILIAL LESTE,SAO MATEUS,VIDRO  QUEBRADO,,"0,00%"
,ABRIGOS,FILIAL LESTE,SAO MATEUS,VIDRO  ANTEPARO AUSENTE,,"0,00%"
,ABRIGOS,FILIAL LESTE,SAO MATEUS,VIDRO  PICHAÇÃO,,"0,00%"
,ABRIGOS,FILIAL LESTE,SAO MATEUS,VIDRO  RESINA,,"0,00%"
,ABRIGOS,FILIAL LESTE,SAO MATEUS,VIDRO  RISCADO,,"0,00%"
,ABRIGOS,FILIAL LESTE,SAO MATEUS,VIDROS  COLAGEM,,"0,00%"
,ABRIGOS,FILIAL LESTE,SAO RAFAEL,CAIXA DO PAINEL  DANIFICADA,,"0,00%"
,ABRIGOS,FILIAL LESTE,SAO RAFAEL,COBERTURA  DANIFICADA,,"0,00%"
,ABRIGOS,FILIAL LESTE,SAO RAFAEL,COBERTURA  SEM PLACAS,,"0,00%"
,ABRIGOS,FILIAL LESTE,SAO RAFAEL,COBERTURA  INFILTRAÇÃO,,"0,00%"
,ABRIGOS,FILIAL LESTE,SAO RAFAEL,COBERTURA  VIDRO QUEBRADO,,"0,00%"
,ABRIGOS,FILIAL LESTE,SAO RAFAEL,COBERTURA  SUJA,,"0,00%"
,ABRIGOS,FILIAL LESTE,SAO RAFAEL,ELÉTRICA  CAIXA ATERRAMENTO SEM TAMPA,,"0,00%"
,ABRIGOS,FILIAL LESTE,SAO RAFAEL,ELÉTRICA  CAIXA ENERGIA DANIFICADA,,"0,00%"
,ABRIGOS,FILIAL LESTE,SAO RAFAEL,ELÉTRICA  FIAÇÃO POSTE DESCONECTADA,,"0,00%"
,ABRIGOS,FILIAL LESTE,SAO RAFAEL,ELÉTRICA  FIAÇÃO EXPOSTA,1,"0,06%"
,ABRIGOS,FILIAL LESTE,SAO RAFAEL,ELÉTRICA  LUMINÁRIA ACESA DE DIA,,"0,00%"
,ABRIGOS,FILIAL LESTE,SAO RAFAEL,ELÉTRICA  LUMINÁRIA AUSENTE,,"0,00%"
,ABRIGOS,FILIAL LESTE,SAO RAFAEL,ELÉTRICA  LUMINÁRIA DANIFICADA,,"0,00%"
,ABRIGOS,FILIAL LESTE,SAO RAFAEL,ELÉTRICA  POSTE AUXILIAR SUPRIMIDO,,"0,00%"
,ABRIGOS,FILIAL LESTE,SAO RAFAEL,ESTRUTURA ABRIGO  BANCO PICHADO,,"0,00%"
,ABRIGOS,FILIAL LESTE,SAO RAFAEL,ESTRUTURA ABRIGO  BANCO QUEBRADO,,"0,00%"
,ABRIGOS,FILIAL LESTE,SAO RAFAEL,ESTRUTURA ABRIGO  COLAGEM,,"0,00%"
,ABRIGOS,FILIAL LESTE,SAO RAFAEL,ESTRUTURA ABRIGO  DANIFICADA,,"0,00%"
,ABRIGOS,FILIAL LESTE,SAO RAFAEL,ESTRUTURA ABRIGO  PINTURA RISCADA/DANIFICADA,,"0,00%"
,ABRIGOS,FILIAL LESTE,SAO RAFAEL,ESTRUTURA ABRIGO  PICHAÇÃO,,"0,00%"
,ABRIGOS,FILIAL LESTE,SAO RAFAEL,ESTRUTURA ABRIGO  SPIDER,,"0,00%"
,ABRIGOS,FILIAL LESTE,SAO RAFAEL,ESTRUTURA ABRIGO  SUJO,,"0,00%"
,ABRIGOS,FILIAL LESTE,SAO RAFAEL,ITINERARIO  AUSENTE,,"0,00%"
,ABRIGOS,FILIAL LESTE,SAO RAFAEL,ITINERARIO  DANIFICADO PARCIALMENTE,,"0,00%"
,ABRIGOS,FILIAL LESTE,SAO RAFAEL,ITINERARIO  PICTOGRAMA DANIFICADO,,"0,00%"
,ABRIGOS,FILIAL LESTE,SAO RAFAEL,PAINEL  FERRUGEM,,"0,00%"
,ABRIGOS,FILIAL LESTE,SAO RAFAEL,PAINEL  SUJO,,"0,00%"
,ABRIGOS,FILIAL LESTE,SAO RAFAEL,PAINEL  ILUMINADO DE DIA,,"0,00%"
,ABRIGOS,FILIAL LESTE,SAO RAFAEL,PAINEL  INEXISTENTE,,"0,00%"
,ABRIGOS,FILIAL LESTE,SAO RAFAEL,PAINEL  VIDRO QUEBRADO,,"0,00%"
,ABRIGOS,FILIAL LESTE,SAO RAFAEL,PISO  ENTORNO INADEQUADO,,"0,00%"
,ABRIGOS,FILIAL LESTE,SAO RAFAEL,PISO  PODOTATIL AUSENTE,,"0,00%"
,ABRIGOS,FILIAL LESTE,SAO RAFAEL,TOTEM  COM COLAGEM,,"0,00%"
,ABRIGOS,FILIAL LESTE,SAO RAFAEL,PISO  PODOTATIL DANIFICADO,,"0,00%"
,ABRIGOS,FILIAL LESTE,SAO RAFAEL,PISO  SUJO,,"0,00%"
,ABRIGOS,FILIAL LESTE,SAO RAFAEL,TOTEM  COM FERRUGEM,,"0,00%"
,ABRIGOS,FILIAL LESTE,SAO RAFAEL,TOTEM  INCLINADO/BASE DANIFICADA,,"0,00%"
,ABRIGOS,FILIAL LESTE,SAO RAFAEL,TOTEM  INEXISTENTE/SUPRIMIDO,,"0,00%"
,ABRIGOS,FILIAL LESTE,SAO RAFAEL,TOTEM  PICHAÇÃO,,"0,00%"
,ABRIGOS,FILIAL LESTE,SAO RAFAEL,TOTEM  RISCADO,,"0,00%"
,ABRIGOS,FILIAL LESTE,SAO RAFAEL,TOTEM  RISCADO/DANIFICADO,,"0,00%"
,ABRIGOS,FILIAL LESTE,SAO RAFAEL,VIDRO  QUEBRADO,,"0,00%"
,ABRIGOS,FILIAL LESTE,SAO RAFAEL,VIDRO  ANTEPARO AUSENTE,,"0,00%"
,ABRIGOS,FILIAL LESTE,SAO RAFAEL,VIDRO  PICHAÇÃO,,"0,00%"
,ABRIGOS,FILIAL LESTE,SAO RAFAEL,VIDRO  RESINA,,"0,00%"
,ABRIGOS,FILIAL LESTE,SAO RAFAEL,VIDRO  RISCADO,,"0,00%"
,ABRIGOS,FILIAL LESTE,SAO RAFAEL,VIDROS  COLAGEM,1,"0,06%"
,ABRIGOS,FILIAL LESTE,SAPOPEMBA,CAIXA DO PAINEL  DANIFICADA,,"0,00%"
,ABRIGOS,FILIAL LESTE,SAPOPEMBA,COBERTURA  DANIFICADA,,"0,00%"
,ABRIGOS,FILIAL LESTE,SAPOPEMBA,COBERTURA  SEM PLACAS,,"0,00%"
,ABRIGOS,FILIAL LESTE,SAPOPEMBA,COBERTURA  INFILTRAÇÃO,,"0,00%"
,ABRIGOS,FILIAL LESTE,SAPOPEMBA,COBERTURA  VIDRO QUEBRADO,,"0,00%"
,ABRIGOS,FILIAL LESTE,SAPOPEMBA,COBERTURA  SUJA,,"0,00%"
,ABRIGOS,FILIAL LESTE,SAPOPEMBA,ELÉTRICA  CAIXA ATERRAMENTO SEM TAMPA,,"0,00%"
,ABRIGOS,FILIAL LESTE,SAPOPEMBA,ELÉTRICA  CAIXA ENERGIA DANIFICADA,,"0,00%"
,ABRIGOS,FILIAL LESTE,SAPOPEMBA,ELÉTRICA  FIAÇÃO POSTE DESCONECTADA,,"0,00%"
,ABRIGOS,FILIAL LESTE,SAPOPEMBA,ELÉTRICA  FIAÇÃO EXPOSTA,,"0,00%"
,ABRIGOS,FILIAL LESTE,SAPOPEMBA,ELÉTRICA  LUMINÁRIA ACESA DE DIA,,"0,00%"
,ABRIGOS,FILIAL LESTE,SAPOPEMBA,ELÉTRICA  LUMINÁRIA AUSENTE,,"0,00%"
,ABRIGOS,FILIAL LESTE,SAPOPEMBA,ELÉTRICA  LUMINÁRIA DANIFICADA,,"0,00%"
,ABRIGOS,FILIAL LESTE,SAPOPEMBA,ELÉTRICA  POSTE AUXILIAR SUPRIMIDO,1,"0,06%"
,ABRIGOS,FILIAL LESTE,SAPOPEMBA,ESTRUTURA ABRIGO  BANCO PICHADO,,"0,00%"
,ABRIGOS,FILIAL LESTE,SAPOPEMBA,ESTRUTURA ABRIGO  BANCO QUEBRADO,,"0,00%"
,ABRIGOS,FILIAL LESTE,SAPOPEMBA,ESTRUTURA ABRIGO  COLAGEM,4,"0,24%"
,ABRIGOS,FILIAL LESTE,SAPOPEMBA,ESTRUTURA ABRIGO  DANIFICADA,,"0,00%"
,ABRIGOS,FILIAL LESTE,SAPOPEMBA,ESTRUTURA ABRIGO  PINTURA RISCADA/DANIFICADA,,"0,00%"
,ABRIGOS,FILIAL LESTE,SAPOPEMBA,ESTRUTURA ABRIGO  PICHAÇÃO,,"0,00%"
,ABRIGOS,FILIAL LESTE,SAPOPEMBA,ESTRUTURA ABRIGO  SPIDER,,"0,00%"
,ABRIGOS,FILIAL LESTE,SAPOPEMBA,ESTRUTURA ABRIGO  SUJO,,"0,00%"
,ABRIGOS,FILIAL LESTE,SAPOPEMBA,ITINERARIO  AUSENTE,1,"0,06%"
,ABRIGOS,FILIAL LESTE,SAPOPEMBA,ITINERARIO  DANIFICADO PARCIALMENTE,1,"0,06%"
,ABRIGOS,FILIAL LESTE,SAPOPEMBA,ITINERARIO  PICTOGRAMA DANIFICADO,,"0,00%"
,ABRIGOS,FILIAL LESTE,SAPOPEMBA,PAINEL  FERRUGEM,,"0,00%"
,ABRIGOS,FILIAL LESTE,SAPOPEMBA,PAINEL  SUJO,,"0,00%"
,ABRIGOS,FILIAL LESTE,SAPOPEMBA,PAINEL  ILUMINADO DE DIA,,"0,00%"
,ABRIGOS,FILIAL LESTE,SAPOPEMBA,PAINEL  INEXISTENTE,,"0,00%"
,ABRIGOS,FILIAL LESTE,SAPOPEMBA,PAINEL  VIDRO QUEBRADO,,"0,00%"
,ABRIGOS,FILIAL LESTE,SAPOPEMBA,PISO  ENTORNO INADEQUADO,,"0,00%"
,ABRIGOS,FILIAL LESTE,SAPOPEMBA,PISO  PODOTATIL AUSENTE,,"0,00%"
,ABRIGOS,FILIAL LESTE,SAPOPEMBA,TOTEM  COM COLAGEM,,"0,00%"
,ABRIGOS,FILIAL LESTE,SAPOPEMBA,PISO  PODOTATIL DANIFICADO,,"0,00%"
,ABRIGOS,FILIAL LESTE,SAPOPEMBA,PISO  SUJO,,"0,00%"
,ABRIGOS,FILIAL LESTE,SAPOPEMBA,TOTEM  COM FERRUGEM,,"0,00%"
,ABRIGOS,FILIAL LESTE,SAPOPEMBA,TOTEM  INCLINADO/BASE DANIFICADA,,"0,00%"
,ABRIGOS,FILIAL LESTE,SAPOPEMBA,TOTEM  INEXISTENTE/SUPRIMIDO,,"0,00%"
,ABRIGOS,FILIAL LESTE,SAPOPEMBA,TOTEM  PICHAÇÃO,1,"0,06%"
,ABRIGOS,FILIAL LESTE,SAPOPEMBA,TOTEM  RISCADO,,"0,00%"
,ABRIGOS,FILIAL LESTE,SAPOPEMBA,TOTEM  RISCADO/DANIFICADO,,"0,00%"
,ABRIGOS,FILIAL LESTE,SAPOPEMBA,VIDRO  QUEBRADO,1,"0,06%"
,ABRIGOS,FILIAL LESTE,SAPOPEMBA,VIDRO  ANTEPARO AUSENTE,,"0,00%"
,ABRIGOS,FILIAL LESTE,SAPOPEMBA,VIDRO  PICHAÇÃO,1,"0,06%"
,ABRIGOS,FILIAL LESTE,SAPOPEMBA,VIDRO  RESINA,,"0,00%"
,ABRIGOS,FILIAL LESTE,SAPOPEMBA,VIDRO  RISCADO,,"0,00%"
,ABRIGOS,FILIAL LESTE,SAPOPEMBA,VIDROS  COLAGEM,2,"0,12%"
,ABRIGOS,FILIAL LESTE,TATUAPE,CAIXA DO PAINEL  DANIFICADA,,"0,00%"
,ABRIGOS,FILIAL LESTE,TATUAPE,COBERTURA  DANIFICADA,1,"0,06%"
,ABRIGOS,FILIAL LESTE,TATUAPE,COBERTURA  SEM PLACAS,,"0,00%"
,ABRIGOS,FILIAL LESTE,TATUAPE,COBERTURA  INFILTRAÇÃO,,"0,00%"
,ABRIGOS,FILIAL LESTE,TATUAPE,COBERTURA  VIDRO QUEBRADO,,"0,00%"
,ABRIGOS,FILIAL LESTE,TATUAPE,COBERTURA  SUJA,,"0,00%"
,ABRIGOS,FILIAL LESTE,TATUAPE,ELÉTRICA  CAIXA ATERRAMENTO SEM TAMPA,,"0,00%"
,ABRIGOS,FILIAL LESTE,TATUAPE,ELÉTRICA  CAIXA ENERGIA DANIFICADA,,"0,00%"
,ABRIGOS,FILIAL LESTE,TATUAPE,ELÉTRICA  FIAÇÃO POSTE DESCONECTADA,,"0,00%"
,ABRIGOS,FILIAL LESTE,TATUAPE,ELÉTRICA  FIAÇÃO EXPOSTA,,"0,00%"
,ABRIGOS,FILIAL LESTE,TATUAPE,ELÉTRICA  LUMINÁRIA ACESA DE DIA,,"0,00%"
,ABRIGOS,FILIAL LESTE,TATUAPE,ELÉTRICA  LUMINÁRIA AUSENTE,2,"0,12%"
,ABRIGOS,FILIAL LESTE,TATUAPE,ELÉTRICA  LUMINÁRIA DANIFICADA,2,"0,12%"
,ABRIGOS,FILIAL LESTE,TATUAPE,ELÉTRICA  POSTE AUXILIAR SUPRIMIDO,,"0,00%"
,ABRIGOS,FILIAL LESTE,TATUAPE,ESTRUTURA ABRIGO  BANCO PICHADO,,"0,00%"
,ABRIGOS,FILIAL LESTE,TATUAPE,ESTRUTURA ABRIGO  BANCO QUEBRADO,,"0,00%"
,ABRIGOS,FILIAL LESTE,TATUAPE,ESTRUTURA ABRIGO  COLAGEM,,"0,00%"
,ABRIGOS,FILIAL LESTE,TATUAPE,ESTRUTURA ABRIGO  DANIFICADA,,"0,00%"
,ABRIGOS,FILIAL LESTE,TATUAPE,ESTRUTURA ABRIGO  PINTURA RISCADA/DANIFICADA,1,"0,06%"
,ABRIGOS,FILIAL LESTE,TATUAPE,ESTRUTURA ABRIGO  PICHAÇÃO,,"0,00%"
,ABRIGOS,FILIAL LESTE,TATUAPE,ESTRUTURA ABRIGO  SPIDER,,"0,00%"
,ABRIGOS,FILIAL LESTE,TATUAPE,ESTRUTURA ABRIGO  SUJO,,"0,00%"
,ABRIGOS,FILIAL LESTE,TATUAPE,ITINERARIO  AUSENTE,5,"0,30%"
,ABRIGOS,FILIAL LESTE,TATUAPE,ITINERARIO  DANIFICADO PARCIALMENTE,1,"0,06%"
,ABRIGOS,FILIAL LESTE,TATUAPE,ITINERARIO  PICTOGRAMA DANIFICADO,,"0,00%"
,ABRIGOS,FILIAL LESTE,TATUAPE,PAINEL  FERRUGEM,,"0,00%"
,ABRIGOS,FILIAL LESTE,TATUAPE,PAINEL  SUJO,,"0,00%"
,ABRIGOS,FILIAL LESTE,TATUAPE,PAINEL  ILUMINADO DE DIA,,"0,00%"
,ABRIGOS,FILIAL LESTE,TATUAPE,PAINEL  INEXISTENTE,,"0,00%"
,ABRIGOS,FILIAL LESTE,TATUAPE,PAINEL  VIDRO QUEBRADO,,"0,00%"
,ABRIGOS,FILIAL LESTE,TATUAPE,PISO  ENTORNO INADEQUADO,,"0,00%"
,ABRIGOS,FILIAL LESTE,TATUAPE,PISO  PODOTATIL AUSENTE,,"0,00%"
,ABRIGOS,FILIAL LESTE,TATUAPE,TOTEM  COM COLAGEM,2,"0,12%"
,ABRIGOS,FILIAL LESTE,TATUAPE,PISO  PODOTATIL DANIFICADO,1,"0,06%"
,ABRIGOS,FILIAL LESTE,TATUAPE,PISO  SUJO,,"0,00%"
,ABRIGOS,FILIAL LESTE,TATUAPE,TOTEM  COM FERRUGEM,,"0,00%"
,ABRIGOS,FILIAL LESTE,TATUAPE,TOTEM  INCLINADO/BASE DANIFICADA,,"0,00%"
,ABRIGOS,FILIAL LESTE,TATUAPE,TOTEM  INEXISTENTE/SUPRIMIDO,,"0,00%"
,ABRIGOS,FILIAL LESTE,TATUAPE,TOTEM  PICHAÇÃO,1,"0,06%"
,ABRIGOS,FILIAL LESTE,TATUAPE,TOTEM  RISCADO,,"0,00%"
,ABRIGOS,FILIAL LESTE,TATUAPE,TOTEM  RISCADO/DANIFICADO,,"0,00%"
,ABRIGOS,FILIAL LESTE,TATUAPE,VIDRO  QUEBRADO,,"0,00%"
,ABRIGOS,FILIAL LESTE,TATUAPE,VIDRO  ANTEPARO AUSENTE,,"0,00%"
,ABRIGOS,FILIAL LESTE,TATUAPE,VIDRO  PICHAÇÃO,1,"0,06%"
,ABRIGOS,FILIAL LESTE,TATUAPE,VIDRO  RESINA,1,"0,06%"
,ABRIGOS,FILIAL LESTE,TATUAPE,VIDRO  RISCADO,3,"0,18%"
,ABRIGOS,FILIAL LESTE,TATUAPE,VIDROS  COLAGEM,5,"0,30%"
,ABRIGOS,FILIAL LESTE,VILA FORMOSA,CAIXA DO PAINEL  DANIFICADA,,"0,00%"
,ABRIGOS,FILIAL LESTE,VILA FORMOSA,COBERTURA  DANIFICADA,,"0,00%"
,ABRIGOS,FILIAL LESTE,VILA FORMOSA,COBERTURA  SEM PLACAS,1,"0,06%"
,ABRIGOS,FILIAL LESTE,VILA FORMOSA,COBERTURA  INFILTRAÇÃO,,"0,00%"
,ABRIGOS,FILIAL LESTE,VILA FORMOSA,COBERTURA  VIDRO QUEBRADO,,"0,00%"
,ABRIGOS,FILIAL LESTE,VILA FORMOSA,COBERTURA  SUJA,2,"0,12%"
,ABRIGOS,FILIAL LESTE,VILA FORMOSA,ELÉTRICA  CAIXA ATERRAMENTO SEM TAMPA,,"0,00%"
,ABRIGOS,FILIAL LESTE,VILA FORMOSA,ELÉTRICA  CAIXA ENERGIA DANIFICADA,,"0,00%"
,ABRIGOS,FILIAL LESTE,VILA FORMOSA,ELÉTRICA  FIAÇÃO POSTE DESCONECTADA,,"0,00%"
,ABRIGOS,FILIAL LESTE,VILA FORMOSA,ELÉTRICA  FIAÇÃO EXPOSTA,,"0,00%"
,ABRIGOS,FILIAL LESTE,VILA FORMOSA,ELÉTRICA  LUMINÁRIA ACESA DE DIA,2,"0,12%"
,ABRIGOS,FILIAL LESTE,VILA FORMOSA,ELÉTRICA  LUMINÁRIA AUSENTE,,"0,00%"
,ABRIGOS,FILIAL LESTE,VILA FORMOSA,ELÉTRICA  LUMINÁRIA DANIFICADA,,"0,00%"
,ABRIGOS,FILIAL LESTE,VILA FORMOSA,ELÉTRICA  POSTE AUXILIAR SUPRIMIDO,,"0,00%"
,ABRIGOS,FILIAL LESTE,VILA FORMOSA,ESTRUTURA ABRIGO  BANCO PICHADO,,"0,00%"
,ABRIGOS,FILIAL LESTE,VILA FORMOSA,ESTRUTURA ABRIGO  BANCO QUEBRADO,,"0,00%"
,ABRIGOS,FILIAL LESTE,VILA FORMOSA,ESTRUTURA ABRIGO  COLAGEM,,"0,00%"
,ABRIGOS,FILIAL LESTE,VILA FORMOSA,ESTRUTURA ABRIGO  DANIFICADA,,"0,00%"
,ABRIGOS,FILIAL LESTE,VILA FORMOSA,ESTRUTURA ABRIGO  PINTURA RISCADA/DANIFICADA,,"0,00%"
,ABRIGOS,FILIAL LESTE,VILA FORMOSA,ESTRUTURA ABRIGO  PICHAÇÃO,1,"0,06%"
,ABRIGOS,FILIAL LESTE,VILA FORMOSA,ESTRUTURA ABRIGO  SPIDER,,"0,00%"
,ABRIGOS,FILIAL LESTE,VILA FORMOSA,ESTRUTURA ABRIGO  SUJO,,"0,00%"
,ABRIGOS,FILIAL LESTE,VILA FORMOSA,ITINERARIO  AUSENTE,2,"0,12%"
,ABRIGOS,FILIAL LESTE,VILA FORMOSA,ITINERARIO  DANIFICADO PARCIALMENTE,3,"0,18%"
,ABRIGOS,FILIAL LESTE,VILA FORMOSA,ITINERARIO  PICTOGRAMA DANIFICADO,,"0,00%"
,ABRIGOS,FILIAL LESTE,VILA FORMOSA,PAINEL  FERRUGEM,,"0,00%"
,ABRIGOS,FILIAL LESTE,VILA FORMOSA,PAINEL  SUJO,2,"0,12%"
,ABRIGOS,FILIAL LESTE,VILA FORMOSA,PAINEL  ILUMINADO DE DIA,,"0,00%"
,ABRIGOS,FILIAL LESTE,VILA FORMOSA,PAINEL  INEXISTENTE,,"0,00%"
,ABRIGOS,FILIAL LESTE,VILA FORMOSA,PAINEL  VIDRO QUEBRADO,,"0,00%"
,ABRIGOS,FILIAL LESTE,VILA FORMOSA,PISO  ENTORNO INADEQUADO,,"0,00%"
,ABRIGOS,FILIAL LESTE,VILA FORMOSA,PISO  PODOTATIL AUSENTE,,"0,00%"
,ABRIGOS,FILIAL LESTE,VILA FORMOSA,TOTEM  COM COLAGEM,1,"0,06%"
,ABRIGOS,FILIAL LESTE,VILA FORMOSA,PISO  PODOTATIL DANIFICADO,,"0,00%"
,ABRIGOS,FILIAL LESTE,VILA FORMOSA,PISO  SUJO,,"0,00%"
,ABRIGOS,FILIAL LESTE,VILA FORMOSA,TOTEM  COM FERRUGEM,,"0,00%"
,ABRIGOS,FILIAL LESTE,VILA FORMOSA,TOTEM  INCLINADO/BASE DANIFICADA,,"0,00%"
,ABRIGOS,FILIAL LESTE,VILA FORMOSA,TOTEM  INEXISTENTE/SUPRIMIDO,,"0,00%"
,ABRIGOS,FILIAL LESTE,VILA FORMOSA,TOTEM  PICHAÇÃO,1,"0,06%"
,ABRIGOS,FILIAL LESTE,VILA FORMOSA,TOTEM  RISCADO,,"0,00%"
,ABRIGOS,FILIAL LESTE,VILA FORMOSA,TOTEM  RISCADO/DANIFICADO,,"0,00%"
,ABRIGOS,FILIAL LESTE,VILA FORMOSA,VIDRO  QUEBRADO,,"0,00%"
,ABRIGOS,FILIAL LESTE,VILA FORMOSA,VIDRO  ANTEPARO AUSENTE,,"0,00%"
,ABRIGOS,FILIAL LESTE,VILA FORMOSA,VIDRO  PICHAÇÃO,4,"0,24%"
,ABRIGOS,FILIAL LESTE,VILA FORMOSA,VIDRO  RESINA,,"0,00%"
,ABRIGOS,FILIAL LESTE,VILA FORMOSA,VIDRO  RISCADO,4,"0,24%"
,ABRIGOS,FILIAL LESTE,VILA FORMOSA,VIDROS  COLAGEM,1,"0,06%"
,ABRIGOS,FILIAL LESTE,VILA MATILDE,CAIXA DO PAINEL  DANIFICADA,,"0,00%"
,ABRIGOS,FILIAL LESTE,VILA MATILDE,COBERTURA  DANIFICADA,,"0,00%"
,ABRIGOS,FILIAL LESTE,VILA MATILDE,COBERTURA  SEM PLACAS,,"0,00%"
,ABRIGOS,FILIAL LESTE,VILA MATILDE,COBERTURA  INFILTRAÇÃO,,"0,00%"
,ABRIGOS,FILIAL LESTE,VILA MATILDE,COBERTURA  VIDRO QUEBRADO,,"0,00%"
,ABRIGOS,FILIAL LESTE,VILA MATILDE,COBERTURA  SUJA,,"0,00%"
,ABRIGOS,FILIAL LESTE,VILA MATILDE,ELÉTRICA  CAIXA ATERRAMENTO SEM TAMPA,,"0,00%"
,ABRIGOS,FILIAL LESTE,VILA MATILDE,ELÉTRICA  CAIXA ENERGIA DANIFICADA,,"0,00%"
,ABRIGOS,FILIAL LESTE,VILA MATILDE,ELÉTRICA  FIAÇÃO POSTE DESCONECTADA,,"0,00%"
,ABRIGOS,FILIAL LESTE,VILA MATILDE,ELÉTRICA  FIAÇÃO EXPOSTA,,"0,00%"
,ABRIGOS,FILIAL LESTE,VILA MATILDE,ELÉTRICA  LUMINÁRIA ACESA DE DIA,,"0,00%"
,ABRIGOS,FILIAL LESTE,VILA MATILDE,ELÉTRICA  LUMINÁRIA AUSENTE,,"0,00%"
,ABRIGOS,FILIAL LESTE,VILA MATILDE,ELÉTRICA  LUMINÁRIA DANIFICADA,5,"0,30%"
,ABRIGOS,FILIAL LESTE,VILA MATILDE,ELÉTRICA  POSTE AUXILIAR SUPRIMIDO,,"0,00%"
,ABRIGOS,FILIAL LESTE,VILA MATILDE,ESTRUTURA ABRIGO  BANCO PICHADO,,"0,00%"
,ABRIGOS,FILIAL LESTE,VILA MATILDE,ESTRUTURA ABRIGO  BANCO QUEBRADO,,"0,00%"
,ABRIGOS,FILIAL LESTE,VILA MATILDE,ESTRUTURA ABRIGO  COLAGEM,,"0,00%"
,ABRIGOS,FILIAL LESTE,VILA MATILDE,ESTRUTURA ABRIGO  DANIFICADA,,"0,00%"
,ABRIGOS,FILIAL LESTE,VILA MATILDE,ESTRUTURA ABRIGO  PINTURA RISCADA/DANIFICADA,,"0,00%"
,ABRIGOS,FILIAL LESTE,VILA MATILDE,ESTRUTURA ABRIGO  PICHAÇÃO,,"0,00%"
,ABRIGOS,FILIAL LESTE,VILA MATILDE,ESTRUTURA ABRIGO  SPIDER,,"0,00%"
,ABRIGOS,FILIAL LESTE,VILA MATILDE,ESTRUTURA ABRIGO  SUJO,,"0,00%"
,ABRIGOS,FILIAL LESTE,VILA MATILDE,ITINERARIO  AUSENTE,,"0,00%"
,ABRIGOS,FILIAL LESTE,VILA MATILDE,ITINERARIO  DANIFICADO PARCIALMENTE,,"0,00%"
,ABRIGOS,FILIAL LESTE,VILA MATILDE,ITINERARIO  PICTOGRAMA DANIFICADO,,"0,00%"
,ABRIGOS,FILIAL LESTE,VILA MATILDE,PAINEL  FERRUGEM,,"0,00%"
,ABRIGOS,FILIAL LESTE,VILA MATILDE,PAINEL  SUJO,,"0,00%"
,ABRIGOS,FILIAL LESTE,VILA MATILDE,PAINEL  ILUMINADO DE DIA,,"0,00%"
,ABRIGOS,FILIAL LESTE,VILA MATILDE,PAINEL  INEXISTENTE,,"0,00%"
,ABRIGOS,FILIAL LESTE,VILA MATILDE,PAINEL  VIDRO QUEBRADO,,"0,00%"
,ABRIGOS,FILIAL LESTE,VILA MATILDE,PISO  ENTORNO INADEQUADO,,"0,00%"
,ABRIGOS,FILIAL LESTE,VILA MATILDE,PISO  PODOTATIL AUSENTE,,"0,00%"
,ABRIGOS,FILIAL LESTE,VILA MATILDE,TOTEM  COM COLAGEM,,"0,00%"
,ABRIGOS,FILIAL LESTE,VILA MATILDE,PISO  PODOTATIL DANIFICADO,,"0,00%"
,ABRIGOS,FILIAL LESTE,VILA MATILDE,PISO  SUJO,,"0,00%"
,ABRIGOS,FILIAL LESTE,VILA MATILDE,TOTEM  COM FERRUGEM,,"0,00%"
,ABRIGOS,FILIAL LESTE,VILA MATILDE,TOTEM  INCLINADO/BASE DANIFICADA,,"0,00%"
,ABRIGOS,FILIAL LESTE,VILA MATILDE,TOTEM  INEXISTENTE/SUPRIMIDO,,"0,00%"
,ABRIGOS,FILIAL LESTE,VILA MATILDE,TOTEM  PICHAÇÃO,,"0,00%"
,ABRIGOS,FILIAL LESTE,VILA MATILDE,TOTEM  RISCADO,,"0,00%"
,ABRIGOS,FILIAL LESTE,VILA MATILDE,TOTEM  RISCADO/DANIFICADO,,"0,00%"
,ABRIGOS,FILIAL LESTE,VILA MATILDE,VIDRO  QUEBRADO,,"0,00%"
,ABRIGOS,FILIAL LESTE,VILA MATILDE,VIDRO  ANTEPARO AUSENTE,,"0,00%"
,ABRIGOS,FILIAL LESTE,VILA MATILDE,VIDRO  PICHAÇÃO,1,"0,06%"
,ABRIGOS,FILIAL LESTE,VILA MATILDE,VIDRO  RESINA,,"0,00%"
,ABRIGOS,FILIAL LESTE,VILA MATILDE,VIDRO  RISCADO,,"0,00%"
,ABRIGOS,FILIAL LESTE,VILA MATILDE,VIDROS  COLAGEM,1,"0,06%"
,ABRIGOS,FILIAL SUL,BUTANTA,CAIXA DO PAINEL  DANIFICADA,,"0,00%"
,ABRIGOS,FILIAL SUL,BUTANTA,COBERTURA  DANIFICADA,,"0,00%"
,ABRIGOS,FILIAL SUL,BUTANTA,COBERTURA  SEM PLACAS,,"0,00%"
,ABRIGOS,FILIAL SUL,BUTANTA,COBERTURA  INFILTRAÇÃO,,"0,00%"
,ABRIGOS,FILIAL SUL,BUTANTA,COBERTURA  VIDRO QUEBRADO,,"0,00%"
,ABRIGOS,FILIAL SUL,BUTANTA,COBERTURA  SUJA,,"0,00%"
,ABRIGOS,FILIAL SUL,BUTANTA,ELÉTRICA  CAIXA ATERRAMENTO SEM TAMPA,,"0,00%"
,ABRIGOS,FILIAL SUL,BUTANTA,ELÉTRICA  CAIXA ENERGIA DANIFICADA,,"0,00%"
,ABRIGOS,FILIAL SUL,BUTANTA,ELÉTRICA  FIAÇÃO POSTE DESCONECTADA,,"0,00%"
,ABRIGOS,FILIAL SUL,BUTANTA,ELÉTRICA  FIAÇÃO EXPOSTA,,"0,00%"
,ABRIGOS,FILIAL SUL,BUTANTA,ELÉTRICA  LUMINÁRIA ACESA DE DIA,,"0,00%"
,ABRIGOS,FILIAL SUL,BUTANTA,ELÉTRICA  LUMINÁRIA AUSENTE,,"0,00%"
,ABRIGOS,FILIAL SUL,BUTANTA,ELÉTRICA  LUMINÁRIA DANIFICADA,,"0,00%"
,ABRIGOS,FILIAL SUL,BUTANTA,ELÉTRICA  POSTE AUXILIAR SUPRIMIDO,,"0,00%"
,ABRIGOS,FILIAL SUL,BUTANTA,ESTRUTURA ABRIGO  BANCO PICHADO,,"0,00%"
,ABRIGOS,FILIAL SUL,BUTANTA,ESTRUTURA ABRIGO  BANCO QUEBRADO,,"0,00%"
,ABRIGOS,FILIAL SUL,BUTANTA,ESTRUTURA ABRIGO  COLAGEM,,"0,00%"
,ABRIGOS,FILIAL SUL,BUTANTA,ESTRUTURA ABRIGO  DANIFICADA,,"0,00%"
,ABRIGOS,FILIAL SUL,BUTANTA,ESTRUTURA ABRIGO  PINTURA RISCADA/DANIFICADA,,"0,00%"
,ABRIGOS,FILIAL SUL,BUTANTA,ESTRUTURA ABRIGO  PICHAÇÃO,,"0,00%"
,ABRIGOS,FILIAL SUL,BUTANTA,ESTRUTURA ABRIGO  SPIDER,,"0,00%"
,ABRIGOS,FILIAL SUL,BUTANTA,ESTRUTURA ABRIGO  SUJO,,"0,00%"
,ABRIGOS,FILIAL SUL,BUTANTA,ITINERARIO  AUSENTE,,"0,00%"
,ABRIGOS,FILIAL SUL,BUTANTA,ITINERARIO  DANIFICADO PARCIALMENTE,,"0,00%"
,ABRIGOS,FILIAL SUL,BUTANTA,ITINERARIO  PICTOGRAMA DANIFICADO,,"0,00%"
,ABRIGOS,FILIAL SUL,BUTANTA,PAINEL  FERRUGEM,,"0,00%"
,ABRIGOS,FILIAL SUL,BUTANTA,PAINEL  SUJO,,"0,00%"
,ABRIGOS,FILIAL SUL,BUTANTA,PAINEL  ILUMINADO DE DIA,,"0,00%"
,ABRIGOS,FILIAL SUL,BUTANTA,PAINEL  INEXISTENTE,,"0,00%"
,ABRIGOS,FILIAL SUL,BUTANTA,PAINEL  VIDRO QUEBRADO,,"0,00%"
,ABRIGOS,FILIAL SUL,BUTANTA,PISO  ENTORNO INADEQUADO,,"0,00%"
,ABRIGOS,FILIAL SUL,BUTANTA,PISO  PODOTATIL AUSENTE,,"0,00%"
,ABRIGOS,FILIAL SUL,BUTANTA,TOTEM  COM COLAGEM,,"0,00%"
,ABRIGOS,FILIAL SUL,BUTANTA,PISO  PODOTATIL DANIFICADO,,"0,00%"
,ABRIGOS,FILIAL SUL,BUTANTA,PISO  SUJO,,"0,00%"
,ABRIGOS,FILIAL SUL,BUTANTA,TOTEM  COM FERRUGEM,,"0,00%"
,ABRIGOS,FILIAL SUL,BUTANTA,TOTEM  INCLINADO/BASE DANIFICADA,,"0,00%"
,ABRIGOS,FILIAL SUL,BUTANTA,TOTEM  INEXISTENTE/SUPRIMIDO,,"0,00%"
,ABRIGOS,FILIAL SUL,BUTANTA,TOTEM  PICHAÇÃO,,"0,00%"
,ABRIGOS,FILIAL SUL,BUTANTA,TOTEM  RISCADO,,"0,00%"
,ABRIGOS,FILIAL SUL,BUTANTA,TOTEM  RISCADO/DANIFICADO,,"0,00%"
,ABRIGOS,FILIAL SUL,BUTANTA,VIDRO  QUEBRADO,,"0,00%"
,ABRIGOS,FILIAL SUL,BUTANTA,VIDRO  ANTEPARO AUSENTE,,"0,00%"
,ABRIGOS,FILIAL SUL,BUTANTA,VIDRO  PICHAÇÃO,,"0,00%"
,ABRIGOS,FILIAL SUL,BUTANTA,VIDRO  RESINA,,"0,00%"
,ABRIGOS,FILIAL SUL,BUTANTA,VIDRO  RISCADO,,"0,00%"
,ABRIGOS,FILIAL SUL,BUTANTA,VIDROS  COLAGEM,,"0,00%"
,ABRIGOS,FILIAL SUL,CURSINO,CAIXA DO PAINEL  DANIFICADA,,"0,00%"
,ABRIGOS,FILIAL SUL,CURSINO,COBERTURA  DANIFICADA,1,"0,06%"
,ABRIGOS,FILIAL SUL,CURSINO,COBERTURA  SEM PLACAS,,"0,00%"
,ABRIGOS,FILIAL SUL,CURSINO,COBERTURA  INFILTRAÇÃO,,"0,00%"
,ABRIGOS,FILIAL SUL,CURSINO,COBERTURA  VIDRO QUEBRADO,,"0,00%"
,ABRIGOS,FILIAL SUL,CURSINO,COBERTURA  SUJA,,"0,00%"
,ABRIGOS,FILIAL SUL,CURSINO,ELÉTRICA  CAIXA ATERRAMENTO SEM TAMPA,,"0,00%"
,ABRIGOS,FILIAL SUL,CURSINO,ELÉTRICA  CAIXA ENERGIA DANIFICADA,,"0,00%"
,ABRIGOS,FILIAL SUL,CURSINO,ELÉTRICA  FIAÇÃO POSTE DESCONECTADA,,"0,00%"
,ABRIGOS,FILIAL SUL,CURSINO,ELÉTRICA  FIAÇÃO EXPOSTA,,"0,00%"
,ABRIGOS,FILIAL SUL,CURSINO,ELÉTRICA  LUMINÁRIA ACESA DE DIA,1,"0,06%"
,ABRIGOS,FILIAL SUL,CURSINO,ELÉTRICA  LUMINÁRIA AUSENTE,,"0,00%"
,ABRIGOS,FILIAL SUL,CURSINO,ELÉTRICA  LUMINÁRIA DANIFICADA,5,"0,30%"
,ABRIGOS,FILIAL SUL,CURSINO,ELÉTRICA  POSTE AUXILIAR SUPRIMIDO,,"0,00%"
,ABRIGOS,FILIAL SUL,CURSINO,ESTRUTURA ABRIGO  BANCO PICHADO,,"0,00%"
,ABRIGOS,FILIAL SUL,CURSINO,ESTRUTURA ABRIGO  BANCO QUEBRADO,,"0,00%"
,ABRIGOS,FILIAL SUL,CURSINO,ESTRUTURA ABRIGO  COLAGEM,,"0,00%"
,ABRIGOS,FILIAL SUL,CURSINO,ESTRUTURA ABRIGO  DANIFICADA,,"0,00%"
,ABRIGOS,FILIAL SUL,CURSINO,ESTRUTURA ABRIGO  PINTURA RISCADA/DANIFICADA,,"0,00%"
,ABRIGOS,FILIAL SUL,CURSINO,ESTRUTURA ABRIGO  PICHAÇÃO,,"0,00%"
,ABRIGOS,FILIAL SUL,CURSINO,ESTRUTURA ABRIGO  SPIDER,1,"0,06%"
,ABRIGOS,FILIAL SUL,CURSINO,ESTRUTURA ABRIGO  SUJO,,"0,00%"
,ABRIGOS,FILIAL SUL,CURSINO,ITINERARIO  AUSENTE,4,"0,24%"
,ABRIGOS,FILIAL SUL,CURSINO,ITINERARIO  DANIFICADO PARCIALMENTE,,"0,00%"
,ABRIGOS,FILIAL SUL,CURSINO,ITINERARIO  PICTOGRAMA DANIFICADO,,"0,00%"
,ABRIGOS,FILIAL SUL,CURSINO,PAINEL  FERRUGEM,,"0,00%"
,ABRIGOS,FILIAL SUL,CURSINO,PAINEL  SUJO,,"0,00%"
,ABRIGOS,FILIAL SUL,CURSINO,PAINEL  ILUMINADO DE DIA,,"0,00%"
,ABRIGOS,FILIAL SUL,CURSINO,PAINEL  INEXISTENTE,,"0,00%"
,ABRIGOS,FILIAL SUL,CURSINO,PAINEL  VIDRO QUEBRADO,,"0,00%"
,ABRIGOS,FILIAL SUL,CURSINO,PISO  ENTORNO INADEQUADO,,"0,00%"
,ABRIGOS,FILIAL SUL,CURSINO,PISO  PODOTATIL AUSENTE,1,"0,06%"
,ABRIGOS,FILIAL SUL,CURSINO,TOTEM  COM COLAGEM,,"0,00%"
,ABRIGOS,FILIAL SUL,CURSINO,PISO  PODOTATIL DANIFICADO,,"0,00%"
,ABRIGOS,FILIAL SUL,CURSINO,PISO  SUJO,,"0,00%"
,ABRIGOS,FILIAL SUL,CURSINO,TOTEM  COM FERRUGEM,,"0,00%"
,ABRIGOS,FILIAL SUL,CURSINO,TOTEM  INCLINADO/BASE DANIFICADA,,"0,00%"
,ABRIGOS,FILIAL SUL,CURSINO,TOTEM  INEXISTENTE/SUPRIMIDO,,"0,00%"
,ABRIGOS,FILIAL SUL,CURSINO,TOTEM  PICHAÇÃO,,"0,00%"
,ABRIGOS,FILIAL SUL,CURSINO,TOTEM  RISCADO,,"0,00%"
,ABRIGOS,FILIAL SUL,CURSINO,TOTEM  RISCADO/DANIFICADO,,"0,00%"
,ABRIGOS,FILIAL SUL,CURSINO,VIDRO  QUEBRADO,,"0,00%"
,ABRIGOS,FILIAL SUL,CURSINO,VIDRO  ANTEPARO AUSENTE,,"0,00%"
,ABRIGOS,FILIAL SUL,CURSINO,VIDRO  PICHAÇÃO,,"0,00%"
,ABRIGOS,FILIAL SUL,CURSINO,VIDRO  RESINA,,"0,00%"
,ABRIGOS,FILIAL SUL,CURSINO,VIDRO  RISCADO,,"0,00%"
,ABRIGOS,FILIAL SUL,CURSINO,VIDROS  COLAGEM,3,"0,18%"
,ABRIGOS,FILIAL SUL,IPIRANGA,CAIXA DO PAINEL  DANIFICADA,1,"0,06%"
,ABRIGOS,FILIAL SUL,IPIRANGA,COBERTURA  DANIFICADA,,"0,00%"
,ABRIGOS,FILIAL SUL,IPIRANGA,COBERTURA  SEM PLACAS,,"0,00%"
,ABRIGOS,FILIAL SUL,IPIRANGA,COBERTURA  INFILTRAÇÃO,,"0,00%"
,ABRIGOS,FILIAL SUL,IPIRANGA,COBERTURA  VIDRO QUEBRADO,,"0,00%"
,ABRIGOS,FILIAL SUL,IPIRANGA,COBERTURA  SUJA,,"0,00%"
,ABRIGOS,FILIAL SUL,IPIRANGA,ELÉTRICA  CAIXA ATERRAMENTO SEM TAMPA,,"0,00%"
,ABRIGOS,FILIAL SUL,IPIRANGA,ELÉTRICA  CAIXA ENERGIA DANIFICADA,,"0,00%"
,ABRIGOS,FILIAL SUL,IPIRANGA,ELÉTRICA  FIAÇÃO POSTE DESCONECTADA,2,"0,12%"
,ABRIGOS,FILIAL SUL,IPIRANGA,ELÉTRICA  FIAÇÃO EXPOSTA,,"0,00%"
,ABRIGOS,FILIAL SUL,IPIRANGA,ELÉTRICA  LUMINÁRIA ACESA DE DIA,1,"0,06%"
,ABRIGOS,FILIAL SUL,IPIRANGA,ELÉTRICA  LUMINÁRIA AUSENTE,2,"0,12%"
,ABRIGOS,FILIAL SUL,IPIRANGA,ELÉTRICA  LUMINÁRIA DANIFICADA,3,"0,18%"
,ABRIGOS,FILIAL SUL,IPIRANGA,ELÉTRICA  POSTE AUXILIAR SUPRIMIDO,,"0,00%"
,ABRIGOS,FILIAL SUL,IPIRANGA,ESTRUTURA ABRIGO  BANCO PICHADO,,"0,00%"
,ABRIGOS,FILIAL SUL,IPIRANGA,ESTRUTURA ABRIGO  BANCO QUEBRADO,1,"0,06%"
,ABRIGOS,FILIAL SUL,IPIRANGA,ESTRUTURA ABRIGO  COLAGEM,,"0,00%"
,ABRIGOS,FILIAL SUL,IPIRANGA,ESTRUTURA ABRIGO  DANIFICADA,,"0,00%"
,ABRIGOS,FILIAL SUL,IPIRANGA,ESTRUTURA ABRIGO  PINTURA RISCADA/DANIFICADA,,"0,00%"
,ABRIGOS,FILIAL SUL,IPIRANGA,ESTRUTURA ABRIGO  PICHAÇÃO,,"0,00%"
,ABRIGOS,FILIAL SUL,IPIRANGA,ESTRUTURA ABRIGO  SPIDER,,"0,00%"
,ABRIGOS,FILIAL SUL,IPIRANGA,ESTRUTURA ABRIGO  SUJO,,"0,00%"
,ABRIGOS,FILIAL SUL,IPIRANGA,ITINERARIO  AUSENTE,6,"0,36%"
,ABRIGOS,FILIAL SUL,IPIRANGA,ITINERARIO  DANIFICADO PARCIALMENTE,11,"0,66%"
,ABRIGOS,FILIAL SUL,IPIRANGA,ITINERARIO  PICTOGRAMA DANIFICADO,5,"0,30%"
,ABRIGOS,FILIAL SUL,IPIRANGA,PAINEL  FERRUGEM,,"0,00%"
,ABRIGOS,FILIAL SUL,IPIRANGA,PAINEL  SUJO,,"0,00%"
,ABRIGOS,FILIAL SUL,IPIRANGA,PAINEL  ILUMINADO DE DIA,,"0,00%"
,ABRIGOS,FILIAL SUL,IPIRANGA,PAINEL  INEXISTENTE,,"0,00%"
,ABRIGOS,FILIAL SUL,IPIRANGA,PAINEL  VIDRO QUEBRADO,,"0,00%"
,ABRIGOS,FILIAL SUL,IPIRANGA,PISO  ENTORNO INADEQUADO,,"0,00%"
,ABRIGOS,FILIAL SUL,IPIRANGA,PISO  PODOTATIL AUSENTE,,"0,00%"
,ABRIGOS,FILIAL SUL,IPIRANGA,TOTEM  COM COLAGEM,1,"0,06%"
,ABRIGOS,FILIAL SUL,IPIRANGA,PISO  PODOTATIL DANIFICADO,,"0,00%"
,ABRIGOS,FILIAL SUL,IPIRANGA,PISO  SUJO,,"0,00%"
,ABRIGOS,FILIAL SUL,IPIRANGA,TOTEM  COM FERRUGEM,,"0,00%"
,ABRIGOS,FILIAL SUL,IPIRANGA,TOTEM  INCLINADO/BASE DANIFICADA,,"0,00%"
,ABRIGOS,FILIAL SUL,IPIRANGA,TOTEM  INEXISTENTE/SUPRIMIDO,,"0,00%"
,ABRIGOS,FILIAL SUL,IPIRANGA,TOTEM  PICHAÇÃO,1,"0,06%"
,ABRIGOS,FILIAL SUL,IPIRANGA,TOTEM  RISCADO,,"0,00%"
,ABRIGOS,FILIAL SUL,IPIRANGA,TOTEM  RISCADO/DANIFICADO,,"0,00%"
,ABRIGOS,FILIAL SUL,IPIRANGA,VIDRO  QUEBRADO,,"0,00%"
,ABRIGOS,FILIAL SUL,IPIRANGA,VIDRO  ANTEPARO AUSENTE,,"0,00%"
,ABRIGOS,FILIAL SUL,IPIRANGA,VIDRO  PICHAÇÃO,,"0,00%"
,ABRIGOS,FILIAL SUL,IPIRANGA,VIDRO  RESINA,1,"0,06%"
,ABRIGOS,FILIAL SUL,IPIRANGA,VIDRO  RISCADO,,"0,00%"
,ABRIGOS,FILIAL SUL,IPIRANGA,VIDROS  COLAGEM,2,"0,12%"
,ABRIGOS,FILIAL SUL,ITAIM BIBI,CAIXA DO PAINEL  DANIFICADA,,"0,00%"
,ABRIGOS,FILIAL SUL,ITAIM BIBI,COBERTURA  DANIFICADA,1,"0,06%"
,ABRIGOS,FILIAL SUL,ITAIM BIBI,COBERTURA  SEM PLACAS,,"0,00%"
,ABRIGOS,FILIAL SUL,ITAIM BIBI,COBERTURA  INFILTRAÇÃO,,"0,00%"
,ABRIGOS,FILIAL SUL,ITAIM BIBI,COBERTURA  VIDRO QUEBRADO,2,"0,12%"
,ABRIGOS,FILIAL SUL,ITAIM BIBI,COBERTURA  SUJA,,"0,00%"
,ABRIGOS,FILIAL SUL,ITAIM BIBI,ELÉTRICA  CAIXA ATERRAMENTO SEM TAMPA,,"0,00%"
,ABRIGOS,FILIAL SUL,ITAIM BIBI,ELÉTRICA  CAIXA ENERGIA DANIFICADA,,"0,00%"
,ABRIGOS,FILIAL SUL,ITAIM BIBI,ELÉTRICA  FIAÇÃO POSTE DESCONECTADA,,"0,00%"
