OFS,ELT,N ELETRO,REGIÃO,BAIRRO,ENDEREÇO,EQUIPAMENTO,LATITUDE,LONGITUDE,FILIAL,OCORRÊNCIAS,TIPO DE OCORRÊNCIAS,MANUTENÇÃO,STATUS,%
910395,20138800,T11308,LESTE,TATUAPE,"RUA TUIUTI, 2750",TOTEM MARROM,-23.549.718,-46.573.335,FILIAL LESTE,Piso,Podotatil Danificado,Corretiva,1,0%
910420,20138822,T11307,LESTE,TATUAPE,"RUA TUIUTI, 2440",TOTEM MARROM,-23.546.881,-46.573.986,FILIAL LESTE,Estrutura Abrigo,Colagem,Preventiva,1,0%
910420,20138822,T11307,LESTE,TATUAPE,"RUA TUIUTI, 2440",TOTEM MARROM,-23.546.881,-46.573.986,FILIAL LESTE,Itinerario,Pictograma Danificado,Preventiva,1,0%
910466,20138849,A02768,LESTE,TATUAPE,"RUA TUIUTI (RUA FERNÃO TAVARES ), 2040",CAOS LEVE,-23.543.557,-46.574.812,FILIAL LESTE,Itinerario,Pictograma Danificado,Preventiva,1,0%
910466,20138849,A02768,LESTE,TATUAPE,"RUA TUIUTI (RUA FERNÃO TAVARES ), 2040",CAOS LEVE,-23.543.557,-46.574.812,FILIAL LESTE,Piso,Podotatil Danificado,Corretiva,1,0%
910466,20138849,A02768,LESTE,TATUAPE,"RUA TUIUTI (RUA FERNÃO TAVARES ), 2040",CAOS LEVE,-23.543.557,-46.574.812,FILIAL LESTE,Totem,Com Colagem,Preventiva,1,0%
910466,20138849,A02768,LESTE,TATUAPE,"RUA TUIUTI (RUA FERNÃO TAVARES ), 2040",CAOS LEVE,-23.543.557,-46.574.812,FILIAL LESTE,Vidro,Pichação,Preventiva,1,0%
910466,20138849,A02768,LESTE,TATUAPE,"RUA TUIUTI (RUA FERNÃO TAVARES ), 2040",CAOS LEVE,-23.543.557,-46.574.812,FILIAL LESTE,Vidro,Colagem,Preventiva,1,0%
910517,20138892,T14826,LESTE,TATUAPE,"PRACA CORONEL SANDOVAL FIGUEIREDO, SN",TOTEM MARROM,-23.541.548,-46.574.337,FILIAL LESTE,Cobertura,Danificada,Corretiva,1,0%
910517,20138892,T14826,LESTE,TATUAPE,"PRACA CORONEL SANDOVAL FIGUEIREDO, SN",TOTEM MARROM,-23.541.548,-46.574.337,FILIAL LESTE,Estrutura Abrigo,Colagem,Preventiva,1,0%
910517,20138892,T14826,LESTE,TATUAPE,"PRACA CORONEL SANDOVAL FIGUEIREDO, SN",TOTEM MARROM,-23.541.548,-46.574.337,FILIAL LESTE,Estrutura Abrigo,Danificada,Corretiva,1,0%
910517,20138892,T14826,LESTE,TATUAPE,"PRACA CORONEL SANDOVAL FIGUEIREDO, SN",TOTEM MARROM,-23.541.548,-46.574.337,FILIAL LESTE,Itinerario,Ausente,Preventiva,1,0%
910517,20138892,T14826,LESTE,TATUAPE,"PRACA CORONEL SANDOVAL FIGUEIREDO, SN",TOTEM MARROM,-23.541.548,-46.574.337,FILIAL LESTE,Itinerario,Pictograma Danificado,Preventiva,1,0%
910517,20138892,T14826,LESTE,TATUAPE,"PRACA CORONEL SANDOVAL FIGUEIREDO, SN",TOTEM MARROM,-23.541.548,-46.574.337,FILIAL LESTE,Piso,Podotatil Ausente,Preventiva,1,0%
910517,20138892,T14826,LESTE,TATUAPE,"PRACA CORONEL SANDOVAL FIGUEIREDO, SN",TOTEM MARROM,-23.541.548,-46.574.337,FILIAL LESTE,Totem,Com Colagem,Preventiva,1,0%
910517,20138892,T14826,LESTE,TATUAPE,"PRACA CORONEL SANDOVAL FIGUEIREDO, SN",TOTEM MARROM,-23.541.548,-46.574.337,FILIAL LESTE,Cobertura,Suja,Preventiva,1,0%
910517,20138892,T14826,LESTE,TATUAPE,"PRACA CORONEL SANDOVAL FIGUEIREDO, SN",TOTEM MARROM,-23.541.548,-46.574.337,FILIAL LESTE,Cobertura,Ferrugem,Corretiva,1,0%
910517,20138892,T14826,LESTE,TATUAPE,"PRACA CORONEL SANDOVAL FIGUEIREDO, SN",TOTEM MARROM,-23.541.548,-46.574.337,FILIAL LESTE,Estrutura Abrigo,Sujo,Preventiva,1,0%
910517,20138892,T14826,LESTE,TATUAPE,"PRACA CORONEL SANDOVAL FIGUEIREDO, SN",TOTEM MARROM,-23.541.548,-46.574.337,FILIAL LESTE,Estrutura Abrigo,Desnível,Corretiva,1,0%
910517,20138892,T14826,LESTE,TATUAPE,"PRACA CORONEL SANDOVAL FIGUEIREDO, SN",TOTEM MARROM,-23.541.548,-46.574.337,FILIAL LESTE,Estrutura Abrigo,Assento com Desnível,Corretiva,1,0%
910610,20138959,T11273,LESTE,TATUAPE,"RUA COELHO LISBOA, 305",TOTEM MARROM,-23.546.956,-46.572.248,FILIAL LESTE,Piso,Entorno Inadequado,Corretiva,1,0%
910610,20138959,T11273,LESTE,TATUAPE,"RUA COELHO LISBOA, 305",TOTEM MARROM,-23.546.956,-46.572.248,FILIAL LESTE,Piso,Podotatil Danificado,Corretiva,1,0%
910610,20138959,T11273,LESTE,TATUAPE,"RUA COELHO LISBOA, 305",TOTEM MARROM,-23.546.956,-46.572.248,FILIAL LESTE,Totem,Com Colagem,Preventiva,1,0%
910640,20138974,T18230,LESTE,TATUAPE,"RUA EUCLIDES PACHECO, 439",TOTEM MARROM,-2.354.858,-46.570.492,FILIAL LESTE,Piso,Podotatil Danificado,Corretiva,1,0%
910640,20138974,T18230,LESTE,TATUAPE,"RUA EUCLIDES PACHECO, 439",TOTEM MARROM,-2.354.858,-46.570.492,FILIAL LESTE,Totem,Com Colagem,Preventiva,1,0%
910690,20138995,T11297,LESTE,TATUAPE,"RUA SERRA DO JAPI, 1332",TOTEM MARROM,-235.511,-46.567.724,FILIAL LESTE,Totem,Com Colagem,Preventiva,1,0%
910690,20138995,T11297,LESTE,TATUAPE,"RUA SERRA DO JAPI, 1332",TOTEM MARROM,-235.511,-46.567.724,FILIAL LESTE,Piso,Podotatil Danificado,Corretiva,1,0%
910707,20139002,A02759,LESTE,VILA FORMOSA,"RUA EMILIA MARENGO (RUA OTELO RIZZO), 55",CAOS ESTRUTURADO,-23.552.789,-46.566.541,FILIAL LESTE,Itinerario,Ausente,Preventiva,1,0%
910707,20139002,A02759,LESTE,VILA FORMOSA,"RUA EMILIA MARENGO (RUA OTELO RIZZO), 55",CAOS ESTRUTURADO,-23.552.789,-46.566.541,FILIAL LESTE,Estrutura Abrigo,Ferrugem,Corretiva,1,0%
910714,20139006,T11809,LESTE,VILA FORMOSA,"RUA EMILIA MARENGO, 180",TOTEM MARROM,-23.552.958,-46.565.717,FILIAL LESTE,Itinerario,Danificado Parcialmente,Corretiva,1,0%
910714,20139006,T11809,LESTE,VILA FORMOSA,"RUA EMILIA MARENGO, 180",TOTEM MARROM,-23.552.958,-46.565.717,FILIAL LESTE,Piso,Podotatil Danificado,Corretiva,1,0%
910714,20139006,T11809,LESTE,VILA FORMOSA,"RUA EMILIA MARENGO, 180",TOTEM MARROM,-23.552.958,-46.565.717,FILIAL LESTE,Totem,Com Colagem,Preventiva,1,0%
910720,20139010,T11274,LESTE,TATUAPE,"RUA EMILIA MARENGO, 291",TOTEM MARROM,-23.552.964,-46.564.355,FILIAL LESTE,Itinerario,Danificado Parcialmente,Corretiva,1,0%
910720,20139010,T11274,LESTE,TATUAPE,"RUA EMILIA MARENGO, 291",TOTEM MARROM,-23.552.964,-46.564.355,FILIAL LESTE,Totem,Com Colagem,Preventiva,1,0%
910727,20139016,T03853,LESTE,VILA FORMOSA,"RUA LUCILIA DE QUEIROZ, 65",TOTEM MARROM,-23.554.232,-46.562.221,FILIAL LESTE,Itinerario,Ausente,Preventiva,1,0%
910744,20139030,T04891,LESTE,AGUA RASA,"RUA MARECHAL BARBACENA, 445",TOTEM MARROM,-23.554.825,-46.574.696,FILIAL LESTE,Itinerario,Danificado Parcialmente,Corretiva,1,0%
910744,20139030,T04891,LESTE,AGUA RASA,"RUA MARECHAL BARBACENA, 445",TOTEM MARROM,-23.554.825,-46.574.696,FILIAL LESTE,Piso,Sujo,Preventiva,1,0%
910746,20139035,T04894,LESTE,AGUA RASA,"RUA MARECHAL BARBACENA, 749",TOTEM MARROM,-23.555.958,-4.657.197,FILIAL LESTE,Itinerario,Danificado Parcialmente,Corretiva,1,0%
910763,20139044,T18944,LESTE,TATUAPE,"PRACA ITUZAINGO, OP 10",TOTEM MARROM,-2.355.276,-46.572.316,FILIAL LESTE,Itinerario,Danificado Parcialmente,Corretiva,1,0%
919437,20145977,T11261,LESTE,TATUAPE,"RUA AZEVEDO SOARES, 548",TOTEM MARROM,-23.549.911,-4.657.136,FILIAL LESTE,Itinerario,Ausente,Preventiva,1,0%
919437,20145977,T11261,LESTE,TATUAPE,"RUA AZEVEDO SOARES, 548",TOTEM MARROM,-23.549.911,-4.657.136,FILIAL LESTE,Itinerario,Pictograma Danificado,Preventiva,1,0%
919437,20145977,T11261,LESTE,TATUAPE,"RUA AZEVEDO SOARES, 548",TOTEM MARROM,-23.549.911,-4.657.136,FILIAL LESTE,Piso,Podotatil Ausente,Preventiva,1,0%
919437,20145977,T11261,LESTE,TATUAPE,"RUA AZEVEDO SOARES, 548",TOTEM MARROM,-23.549.911,-4.657.136,FILIAL LESTE,Totem,Com Colagem,Preventiva,1,0%
919473,20145995,T11249,LESTE,TATUAPE,"LARGO NOSSA SENHORA DO BOM PARTO, 126",TOTEM MARROM,-23.549.365,-46.568.766,FILIAL LESTE,Totem,Com Ferrugem,Preventiva,1,0%
919500,20146016,T11260,LESTE,TATUAPE,"RUA AZEVEDO SOARES, 1126",TOTEM MARROM,-23.548.807,-46.565.861,FILIAL LESTE,Itinerario,Danificado Parcialmente,Corretiva,1,0%
919500,20146016,T11260,LESTE,TATUAPE,"RUA AZEVEDO SOARES, 1126",TOTEM MARROM,-23.548.807,-46.565.861,FILIAL LESTE,Totem,Pichação,Preventiva,1,0%
919545,20146032,T04669,LESTE,TATUAPE,"RUA AZEVEDO SOARES, 1338",TOTEM MARROM,-23.548.421,-46.563.839,FILIAL LESTE,Itinerario,Danificado Parcialmente,Corretiva,1,0%
919545,20146032,T04669,LESTE,TATUAPE,"RUA AZEVEDO SOARES, 1338",TOTEM MARROM,-23.548.421,-46.563.839,FILIAL LESTE,Piso,Podotatil Danificado,Corretiva,1,0%
919545,20146032,T04669,LESTE,TATUAPE,"RUA AZEVEDO SOARES, 1338",TOTEM MARROM,-23.548.421,-46.563.839,FILIAL LESTE,Totem,Abaixo do Permitido,Corretiva,1,0%
919593,20146051,T11255,LESTE,TATUAPE,"RUA APUCARANA, 1202",TOTEM MARROM,-23.548.858,-46.562.918,FILIAL LESTE,Itinerario,Pictograma Danificado,Preventiva,1,0%
919593,20146051,T11255,LESTE,TATUAPE,"RUA APUCARANA, 1202",TOTEM MARROM,-23.548.858,-46.562.918,FILIAL LESTE,Itinerario,Danificado Parcialmente,Corretiva,1,0%
919593,20146051,T11255,LESTE,TATUAPE,"RUA APUCARANA, 1202",TOTEM MARROM,-23.548.858,-46.562.918,FILIAL LESTE,Piso,Entorno Inadequado,Corretiva,1,0%
919658,20146087,A02754,LESTE,TATUAPE,"RUA AZEVEDO SOARES (RUA MONTE SERRAT ), 1750",CAOS LEVE,-23.547.625,-46.559.548,FILIAL LESTE,Estrutura Abrigo,Spider,Corretiva,1,0%
919658,20146087,A02754,LESTE,TATUAPE,"RUA AZEVEDO SOARES (RUA MONTE SERRAT ), 1750",CAOS LEVE,-23.547.625,-46.559.548,FILIAL LESTE,Itinerario,Pictograma Danificado,Preventiva,1,0%
919658,20146087,A02754,LESTE,TATUAPE,"RUA AZEVEDO SOARES (RUA MONTE SERRAT ), 1750",CAOS LEVE,-23.547.625,-46.559.548,FILIAL LESTE,Piso,Entorno Inadequado,Corretiva,1,0%
919658,20146087,A02754,LESTE,TATUAPE,"RUA AZEVEDO SOARES (RUA MONTE SERRAT ), 1750",CAOS LEVE,-23.547.625,-46.559.548,FILIAL LESTE,Totem,Com Ferrugem,Preventiva,1,0%
919658,20146087,A02754,LESTE,TATUAPE,"RUA AZEVEDO SOARES (RUA MONTE SERRAT ), 1750",CAOS LEVE,-23.547.625,-46.559.548,FILIAL LESTE,Vidro,Riscado,Preventiva,1,0%
919658,20146087,A02754,LESTE,TATUAPE,"RUA AZEVEDO SOARES (RUA MONTE SERRAT ), 1750",CAOS LEVE,-23.547.625,-46.559.548,FILIAL LESTE,Painel,Ferrugem,Corretiva,1,0%
919691,20146109,T03844,LESTE,TATUAPE,"RUA AZEVEDO SOARES, 1846",TOTEM MARROM,-23.547.359,-46.558.155,FILIAL LESTE,Itinerario,Danificado Parcialmente,Corretiva,1,0%
919691,20146109,T03844,LESTE,TATUAPE,"RUA AZEVEDO SOARES, 1846",TOTEM MARROM,-23.547.359,-46.558.155,FILIAL LESTE,Piso,Entorno Inadequado,Corretiva,1,0%
919691,20146109,T03844,LESTE,TATUAPE,"RUA AZEVEDO SOARES, 1846",TOTEM MARROM,-23.547.359,-46.558.155,FILIAL LESTE,Piso,Podotatil Danificado,Corretiva,1,0%
919691,20146109,T03844,LESTE,TATUAPE,"RUA AZEVEDO SOARES, 1846",TOTEM MARROM,-23.547.359,-46.558.155,FILIAL LESTE,Totem,Pichação,Preventiva,1,0%
919732,20146140,T11276,LESTE,TATUAPE,"RUA FRANCISCO MARENGO, 744",TOTEM MARROM,-23.543.716,-46.558.795,FILIAL LESTE,Itinerario,Danificado Parcialmente,Corretiva,1,0%
919732,20146140,T11276,LESTE,TATUAPE,"RUA FRANCISCO MARENGO, 744",TOTEM MARROM,-23.543.716,-46.558.795,FILIAL LESTE,Piso,Entorno Inadequado,Corretiva,1,0%
919806,20146172,A02763,LESTE,TATUAPE,"RUA FRANCISCO MARENGO (RUA EMÍLIO MALLET), 947",CAOS ESTRUTURADO,-23.545.318,-46.558.318,FILIAL LESTE,Vidro,Pichação,Preventiva,1,0%
919806,20146172,A02763,LESTE,TATUAPE,"RUA FRANCISCO MARENGO (RUA EMÍLIO MALLET), 947",CAOS ESTRUTURADO,-23.545.318,-46.558.318,FILIAL LESTE,Estrutura Abrigo,Sujo,Preventiva,1,0%
919832,20146187,T11278,LESTE,TATUAPE,"RUA FRANCISCO MARENGO, 1112",TOTEM MARROM,-23.546.944,-4.655.801,FILIAL LESTE,Itinerario,Pictograma Danificado,Preventiva,1,0%
919832,20146187,T11278,LESTE,TATUAPE,"RUA FRANCISCO MARENGO, 1112",TOTEM MARROM,-23.546.944,-4.655.801,FILIAL LESTE,Itinerario,Danificado Parcialmente,Corretiva,1,0%
919868,20146199,T11257,LESTE,CARRAO,"RUA AZEVEDO SOARES, 2168",TOTEM MARROM,-23.546.876,-46.555.641,FILIAL LESTE,Itinerario,Pictograma Danificado,Preventiva,1,0%
919868,20146199,T11257,LESTE,CARRAO,"RUA AZEVEDO SOARES, 2168",TOTEM MARROM,-23.546.876,-46.555.641,FILIAL LESTE,Itinerario,Danificado Parcialmente,Corretiva,1,0%
919868,20146199,T11257,LESTE,CARRAO,"RUA AZEVEDO SOARES, 2168",TOTEM MARROM,-23.546.876,-46.555.641,FILIAL LESTE,Piso,Podotatil Danificado,Corretiva,1,0%
919904,20146213,T19380,LESTE,VILA FORMOSA,"RUA ANTONIO DE BARROS, 1831",TOTEM MARROM,-23.545.978,-46.555.627,FILIAL LESTE,Piso,Entorno Inadequado,Corretiva,1,0%
919928,20146223,T03948,LESTE,CARRAO,"RUA ANTONIO DE BARROS, 2033",TOTEM MARROM,-23.547.969,-46.555.098,FILIAL LESTE,Itinerario,Ausente,Preventiva,1,0%
919928,20146223,T03948,LESTE,CARRAO,"RUA ANTONIO DE BARROS, 2033",TOTEM MARROM,-23.547.969,-46.555.098,FILIAL LESTE,Itinerario,Pictograma Danificado,Preventiva,1,0%
919928,20146223,T03948,LESTE,CARRAO,"RUA ANTONIO DE BARROS, 2033",TOTEM MARROM,-23.547.969,-46.555.098,FILIAL LESTE,Totem,Com Colagem,Preventiva,1,0%
919951,20146238,A02748,LESTE,TATUAPE,"RUA ANTONIO DE BARROS (RUA PASSOS OURIQUE), 2160",CAOS ESTRUTURADO,-23.549.082,-46.554.891,FILIAL LESTE,Piso,Podotatil Danificado,Corretiva,1,0%
919951,20146238,A02748,LESTE,TATUAPE,"RUA ANTONIO DE BARROS (RUA PASSOS OURIQUE), 2160",CAOS ESTRUTURADO,-23.549.082,-46.554.891,FILIAL LESTE,Vidro,Riscado,Preventiva,1,0%
919951,20146238,A02748,LESTE,TATUAPE,"RUA ANTONIO DE BARROS (RUA PASSOS OURIQUE), 2160",CAOS ESTRUTURADO,-23.549.082,-46.554.891,FILIAL LESTE,Vidro,Anteparo Ausente,Corretiva,1,0%
919974,20146250,A02749,LESTE,CARRAO,"RUA ANTONIO DE BARROS (RUA PROFº PEDREIRA DE FREITAS), 2231",CAOS ESTRUTURADO,-23.549.501,-46.554.687,FILIAL LESTE,Piso,Podotatil Danificado,Corretiva,1,0%
919974,20146250,A02749,LESTE,CARRAO,"RUA ANTONIO DE BARROS (RUA PROFº PEDREIRA DE FREITAS), 2231",CAOS ESTRUTURADO,-23.549.501,-46.554.687,FILIAL LESTE,Vidro,Riscado,Preventiva,1,0%
920004,20146604,A02750,LESTE,TATUAPE,"RUA ANTONIO DE BARROS (RUA AGUAPEI ), 2450",CAOS LEVE,-23.551.826,-46.554.193,FILIAL LESTE,Vidro,Riscado,Preventiva,1,0%
920004,20146604,A02750,LESTE,TATUAPE,"RUA ANTONIO DE BARROS (RUA AGUAPEI ), 2450",CAOS LEVE,-23.551.826,-46.554.193,FILIAL LESTE,Estrutura Abrigo,Ferrugem,Corretiva,1,0%
920004,20146604,A02750,LESTE,TATUAPE,"RUA ANTONIO DE BARROS (RUA AGUAPEI ), 2450",CAOS LEVE,-23.551.826,-46.554.193,FILIAL LESTE,Painel,Porta Aberta,Corretiva,1,0%
920004,20146604,A02750,LESTE,TATUAPE,"RUA ANTONIO DE BARROS (RUA AGUAPEI ), 2450",CAOS LEVE,-23.551.826,-46.554.193,FILIAL LESTE,Vidro,Colagem,Preventiva,1,0%
920004,20146604,A02750,LESTE,TATUAPE,"RUA ANTONIO DE BARROS (RUA AGUAPEI ), 2450",CAOS LEVE,-23.551.826,-46.554.193,FILIAL LESTE,Elétrica,Iluminação,Preventiva,1,0%
920004,20146604,A02750,LESTE,TATUAPE,"RUA ANTONIO DE BARROS (RUA AGUAPEI ), 2450",CAOS LEVE,-23.551.826,-46.554.193,FILIAL LESTE,Painel,Kit de Iluminação,Preventiva,1,0%
920088,20146616,A02172,LESTE,CARRAO,"RUA ANTONIO DE BARROS, 2501",CAOS LEVE,-23.552.163,-46.553.987,FILIAL LESTE,Itinerario,Pictograma Danificado,Preventiva,1,0%
920088,20146616,A02172,LESTE,CARRAO,"RUA ANTONIO DE BARROS, 2501",CAOS LEVE,-23.552.163,-46.553.987,FILIAL LESTE,Itinerario,Danificado Parcialmente,Corretiva,1,0%
920088,20146616,A02172,LESTE,CARRAO,"RUA ANTONIO DE BARROS, 2501",CAOS LEVE,-23.552.163,-46.553.987,FILIAL LESTE,Vidro,Riscado,Preventiva,1,0%
920088,20146616,A02172,LESTE,CARRAO,"RUA ANTONIO DE BARROS, 2501",CAOS LEVE,-23.552.163,-46.553.987,FILIAL LESTE,Vidro,Anteparo Ausente,Corretiva,1,0%
920847,20147022,T18232,LESTE,TATUAPE,"RUA EUCLIDES PACHECO, 998",TOTEM MARROM,-23.547.543,-46.565.229,FILIAL LESTE,Itinerario,Danificado Parcialmente,Corretiva,1,0%
920847,20147022,T18232,LESTE,TATUAPE,"RUA EUCLIDES PACHECO, 998",TOTEM MARROM,-23.547.543,-46.565.229,FILIAL LESTE,Piso,Podotatil Danificado,Corretiva,1,0%
920892,20147065,T18233,LESTE,TATUAPE,"RUA EUCLIDES PACHECO, 1245",TOTEM MARROM,-23.547.076,-46.562.772,FILIAL LESTE,Piso,Podotatil Danificado,Corretiva,1,0%
920907,20147077,T18236,LESTE,TATUAPE,"RUA EUCLIDES PACHECO, 1499",TOTEM MARROM,-23.546.584,-46.560.364,FILIAL LESTE,Itinerario,Danificado Parcialmente,Corretiva,1,0%
920907,20147077,T18236,LESTE,TATUAPE,"RUA EUCLIDES PACHECO, 1499",TOTEM MARROM,-23.546.584,-46.560.364,FILIAL LESTE,Totem,Com Colagem,Preventiva,1,0%
920926,20147091,T18234,LESTE,TATUAPE,"RUA EUCLIDES PACHECO, 1769",TOTEM MARROM,-23.546.063,-46.557.735,FILIAL LESTE,Sem Ocorrências,Sem Ocorrências,Preventiva,1,0%
920953,20147113,T19379,LESTE,VILA FORMOSA,"RUA ANTONIO DE BARROS, 1500 OP",TOTEM MARROM,-23.543.294,-46.556.499,FILIAL LESTE,Sem Ocorrências,Sem Ocorrências,Preventiva,1,0%
920992,20147134,T11267,LESTE,TATUAPE,"RUA CANTAGALO, 1568",TOTEM MARROM,-23.544.181,-46.558.845,FILIAL LESTE,Itinerario,Pictograma Danificado,Preventiva,1,0%
920992,20147134,T11267,LESTE,TATUAPE,"RUA CANTAGALO, 1568",TOTEM MARROM,-23.544.181,-46.558.845,FILIAL LESTE,Itinerario,Danificado Parcialmente,Corretiva,1,0%
920992,20147134,T11267,LESTE,TATUAPE,"RUA CANTAGALO, 1568",TOTEM MARROM,-23.544.181,-46.558.845,FILIAL LESTE,Piso,Entorno Inadequado,Corretiva,1,0%
920992,20147134,T11267,LESTE,TATUAPE,"RUA CANTAGALO, 1568",TOTEM MARROM,-23.544.181,-46.558.845,FILIAL LESTE,Totem,Pichação,Preventiva,1,0%
921008,20147141,T11268,LESTE,TATUAPE,"RUA CANTAGALO, 1368",TOTEM MARROM,-23.544.599,-4.656.081,FILIAL LESTE,Itinerario,Danificado Parcialmente,Corretiva,1,0%
921008,20147141,T11268,LESTE,TATUAPE,"RUA CANTAGALO, 1368",TOTEM MARROM,-23.544.599,-4.656.081,FILIAL LESTE,Piso,Entorno Inadequado,Corretiva,1,0%
921051,20147171,T11295,LESTE,TATUAPE,"RUA SERRA DE BRAGANCA, 854",TOTEM MARROM,-23.544.724,-46.567.053,FILIAL LESTE,Piso,Podotatil Danificado,Corretiva,1,0%
921074,20147185,T02882,LESTE,TATUAPE,"RUA SERRA DE BRAGANCA, 584",TOTEM MARROM,-23.545.278,-46.569.665,FILIAL LESTE,Itinerario,Ausente,Preventiva,1,0%
921074,20147185,T02882,LESTE,TATUAPE,"RUA SERRA DE BRAGANCA, 584",TOTEM MARROM,-23.545.278,-46.569.665,FILIAL LESTE,Piso,Podotatil Danificado,Corretiva,1,0%
921074,20147185,T02882,LESTE,TATUAPE,"RUA SERRA DE BRAGANCA, 584",TOTEM MARROM,-23.545.278,-46.569.665,FILIAL LESTE,Totem,Com Colagem,Preventiva,1,0%
921152,20147235,A02744,LESTE,TATUAPE,"PRAÇA SILVIO ROMERO, 229",CAOS ESTRUTURADO,-23.545.403,-46.572.661,FILIAL LESTE,Itinerario,Ausente,Preventiva,1,0%
921152,20147235,A02744,LESTE,TATUAPE,"PRAÇA SILVIO ROMERO, 229",CAOS ESTRUTURADO,-23.545.403,-46.572.661,FILIAL LESTE,Totem,Pichação,Preventiva,1,0%
921152,20147235,A02744,LESTE,TATUAPE,"PRAÇA SILVIO ROMERO, 229",CAOS ESTRUTURADO,-23.545.403,-46.572.661,FILIAL LESTE,Vidro,Pichação,Preventiva,1,0%
921152,20147235,A02744,LESTE,TATUAPE,"PRAÇA SILVIO ROMERO, 229",CAOS ESTRUTURADO,-23.545.403,-46.572.661,FILIAL LESTE,Vidro,Riscado,Preventiva,1,0%
921152,20147235,A02744,LESTE,TATUAPE,"PRAÇA SILVIO ROMERO, 229",CAOS ESTRUTURADO,-23.545.403,-46.572.661,FILIAL LESTE,Estrutura Abrigo,Sujo,Preventiva,1,0%
921152,20147235,A02744,LESTE,TATUAPE,"PRAÇA SILVIO ROMERO, 229",CAOS ESTRUTURADO,-23.545.403,-46.572.661,FILIAL LESTE,Estrutura Abrigo,Ferrugem,Corretiva,1,0%
921152,20147235,A02744,LESTE,TATUAPE,"PRAÇA SILVIO ROMERO, 229",CAOS ESTRUTURADO,-23.545.403,-46.572.661,FILIAL LESTE,Painel,Porta Aberta,Corretiva,1,0%
924580,20149943,T11300,LESTE,TATUAPE,"RUA TIJUCO PRETO, 131",TOTEM MARROM,-23.544.479,-46.574.389,FILIAL LESTE,Piso,Podotatil Danificado,Corretiva,1,0%
924580,20149943,T11300,LESTE,TATUAPE,"RUA TIJUCO PRETO, 131",TOTEM MARROM,-23.544.479,-46.574.389,FILIAL LESTE,Totem,Com Colagem,Preventiva,1,0%
924612,20149961,T18792,LESTE,TATUAPE,"RUA TIJUCO PRETO, 367",TOTEM MARROM,-2.354.402,-46.572.212,FILIAL LESTE,Sem Ocorrências,Sem Ocorrências,Preventiva,1,0%
924650,20149973,T11303,LESTE,TATUAPE,"RUA TIJUCO PRETO, 671",TOTEM MARROM,-23.543.492,-46.569.272,FILIAL LESTE,Itinerario,Danificado Parcialmente,Corretiva,1,0%
924650,20149973,T11303,LESTE,TATUAPE,"RUA TIJUCO PRETO, 671",TOTEM MARROM,-23.543.492,-46.569.272,FILIAL LESTE,Totem,Com Colagem,Preventiva,1,0%
924682,20149978,T11302,LESTE,TATUAPE,"RUA TIJUCO PRETO, 821",TOTEM MARROM,-23.543.182,-46.567.794,FILIAL LESTE,Piso,Entorno Inadequado,Corretiva,1,0%
924789,20150003,A02770,LESTE,TATUAPE,"RUA SERRA DE BOTUCATU (RUA ANTÔNIO DE BARROS ), OP 1486",CAOS ESTRUTURADO,-23.541.712,-46.557.403,FILIAL LESTE,Totem,Com Colagem,Preventiva,1,0%
924789,20150003,A02770,LESTE,TATUAPE,"RUA SERRA DE BOTUCATU (RUA ANTÔNIO DE BARROS ), OP 1486",CAOS ESTRUTURADO,-23.541.712,-46.557.403,FILIAL LESTE,Estrutura Abrigo,Sujo,Preventiva,1,0%
924789,20150003,A02770,LESTE,TATUAPE,"RUA SERRA DE BOTUCATU (RUA ANTÔNIO DE BARROS ), OP 1486",CAOS ESTRUTURADO,-23.541.712,-46.557.403,FILIAL LESTE,Painel,Ferrugem,Corretiva,1,0%
924861,20150026,A02747,LESTE,TATUAPE,"RUA ANTONIO DE BARROS (RUA DIAMANTE PRETO), 1229",CAOS ESTRUTURADO,-23.541.185,-46.557.049,FILIAL LESTE,Painel,Sujo,Preventiva,1,0%
924861,20150026,A02747,LESTE,TATUAPE,"RUA ANTONIO DE BARROS (RUA DIAMANTE PRETO), 1229",CAOS ESTRUTURADO,-23.541.185,-46.557.049,FILIAL LESTE,Vidro,Riscado,Preventiva,1,0%
924861,20150026,A02747,LESTE,TATUAPE,"RUA ANTONIO DE BARROS (RUA DIAMANTE PRETO), 1229",CAOS ESTRUTURADO,-23.541.185,-46.557.049,FILIAL LESTE,Cobertura,Suja,Preventiva,1,0%
924861,20150026,A02747,LESTE,TATUAPE,"RUA ANTONIO DE BARROS (RUA DIAMANTE PRETO), 1229",CAOS ESTRUTURADO,-23.541.185,-46.557.049,FILIAL LESTE,Estrutura Abrigo,Sujo,Preventiva,1,0%
924861,20150026,A02747,LESTE,TATUAPE,"RUA ANTONIO DE BARROS (RUA DIAMANTE PRETO), 1229",CAOS ESTRUTURADO,-23.541.185,-46.557.049,FILIAL LESTE,Piso,Sujo,Preventiva,1,0%
924930,20150065,T06144,LESTE,CARRAO,"RUA ANTONIO DE BARROS, 825",TOTEM MARROM,-23.538.059,-46.557.878,FILIAL LESTE,Sem Ocorrências,Sem Ocorrências,Preventiva,1,0%
924959,20150084,A01975,LESTE,TATUAPE,"RUA MELO FREIRE, 4952",CAOS LEVE,-23.537.073,-46.558.345,FILIAL LESTE,Itinerario,Ausente,Preventiva,1,0%
924959,20150084,A01975,LESTE,TATUAPE,"RUA MELO FREIRE, 4952",CAOS LEVE,-23.537.073,-46.558.345,FILIAL LESTE,Piso,Entorno Inadequado,Corretiva,1,0%
924959,20150084,A01975,LESTE,TATUAPE,"RUA MELO FREIRE, 4952",CAOS LEVE,-23.537.073,-46.558.345,FILIAL LESTE,Totem,Com Colagem,Preventiva,1,0%
924959,20150084,A01975,LESTE,TATUAPE,"RUA MELO FREIRE, 4952",CAOS LEVE,-23.537.073,-46.558.345,FILIAL LESTE,Vidro,Riscado,Preventiva,1,0%
924959,20150084,A01975,LESTE,TATUAPE,"RUA MELO FREIRE, 4952",CAOS LEVE,-23.537.073,-46.558.345,FILIAL LESTE,Estrutura Abrigo,Sujo,Preventiva,1,0%
924959,20150084,A01975,LESTE,TATUAPE,"RUA MELO FREIRE, 4952",CAOS LEVE,-23.537.073,-46.558.345,FILIAL LESTE,Piso,Sujo,Preventiva,1,0%
924959,20150084,A01975,LESTE,TATUAPE,"RUA MELO FREIRE, 4952",CAOS LEVE,-23.537.073,-46.558.345,FILIAL LESTE,Vidro,Colagem,Preventiva,1,0%
925016,20150104,A02736,LESTE,CARRAO,"AVENIDA CONDE DE FRONTINI (PRACA LUIZ TROCHILLO ), 54",CAOS LEVE,-23.536.787,-46.556.601,FILIAL LESTE,Cobertura,Danificada,Corretiva,1,0%
925016,20150104,A02736,LESTE,CARRAO,"AVENIDA CONDE DE FRONTINI (PRACA LUIZ TROCHILLO ), 54",CAOS LEVE,-23.536.787,-46.556.601,FILIAL LESTE,Totem,Com Colagem,Preventiva,1,0%
925016,20150104,A02736,LESTE,CARRAO,"AVENIDA CONDE DE FRONTINI (PRACA LUIZ TROCHILLO ), 54",CAOS LEVE,-23.536.787,-46.556.601,FILIAL LESTE,Vidro,Riscado,Preventiva,1,0%
925016,20150104,A02736,LESTE,CARRAO,"AVENIDA CONDE DE FRONTINI (PRACA LUIZ TROCHILLO ), 54",CAOS LEVE,-23.536.787,-46.556.601,FILIAL LESTE,Cobertura,Ferrugem,Corretiva,1,0%
925016,20150104,A02736,LESTE,CARRAO,"AVENIDA CONDE DE FRONTINI (PRACA LUIZ TROCHILLO ), 54",CAOS LEVE,-23.536.787,-46.556.601,FILIAL LESTE,Estrutura Abrigo,Ferrugem,Corretiva,1,0%
925016,20150104,A02736,LESTE,CARRAO,"AVENIDA CONDE DE FRONTINI (PRACA LUIZ TROCHILLO ), 54",CAOS LEVE,-23.536.787,-46.556.601,FILIAL LESTE,Estrutura Abrigo,Base do Assento com Ferrugem,Corretiva,1,0%
925016,20150104,A02736,LESTE,CARRAO,"AVENIDA CONDE DE FRONTINI (PRACA LUIZ TROCHILLO ), 54",CAOS LEVE,-23.536.787,-46.556.601,FILIAL LESTE,Painel,Ferrugem,Corretiva,1,0%
925016,20150104,A02736,LESTE,CARRAO,"AVENIDA CONDE DE FRONTINI (PRACA LUIZ TROCHILLO ), 54",CAOS LEVE,-23.536.787,-46.556.601,FILIAL LESTE,Vidro,Colagem,Preventiva,1,0%
925032,20150112,A02737,LESTE,CARRAO,"AVENIDA CONDE DE FRONTINI (PRACA LUIZ TROCHILLO ), 54",CAOS LEVE,-23.536.787,-46.556.601,FILIAL LESTE,Cobertura,Danificada,Corretiva,1,0%
925032,20150112,A02737,LESTE,CARRAO,"AVENIDA CONDE DE FRONTINI (PRACA LUIZ TROCHILLO ), 54",CAOS LEVE,-23.536.787,-46.556.601,FILIAL LESTE,Totem,Com Colagem,Preventiva,1,0%
925032,20150112,A02737,LESTE,CARRAO,"AVENIDA CONDE DE FRONTINI (PRACA LUIZ TROCHILLO ), 54",CAOS LEVE,-23.536.787,-46.556.601,FILIAL LESTE,Vidro,Riscado,Preventiva,1,0%
925032,20150112,A02737,LESTE,CARRAO,"AVENIDA CONDE DE FRONTINI (PRACA LUIZ TROCHILLO ), 54",CAOS LEVE,-23.536.787,-46.556.601,FILIAL LESTE,Cobertura,Ferrugem,Corretiva,1,0%
925032,20150112,A02737,LESTE,CARRAO,"AVENIDA CONDE DE FRONTINI (PRACA LUIZ TROCHILLO ), 54",CAOS LEVE,-23.536.787,-46.556.601,FILIAL LESTE,Estrutura Abrigo,Ferrugem,Corretiva,1,0%
925032,20150112,A02737,LESTE,CARRAO,"AVENIDA CONDE DE FRONTINI (PRACA LUIZ TROCHILLO ), 54",CAOS LEVE,-23.536.787,-46.556.601,FILIAL LESTE,Estrutura Abrigo,Base do Assento com Ferrugem,Corretiva,1,0%
925032,20150112,A02737,LESTE,CARRAO,"AVENIDA CONDE DE FRONTINI (PRACA LUIZ TROCHILLO ), 54",CAOS LEVE,-23.536.787,-46.556.601,FILIAL LESTE,Painel,Ferrugem,Corretiva,1,0%
925032,20150112,A02737,LESTE,CARRAO,"AVENIDA CONDE DE FRONTINI (PRACA LUIZ TROCHILLO ), 54",CAOS LEVE,-23.536.787,-46.556.601,FILIAL LESTE,Vidro,Colagem,Preventiva,1,0%
925072,20150138,A07907,LESTE,CARRAO,"AVENIDA CONSELHEIRO CARRAO, 327",CAOS LEVE,-23.538.338,-46.555.094,FILIAL LESTE,Itinerario,Pictograma Danificado,Preventiva,1,0%
925072,20150138,A07907,LESTE,CARRAO,"AVENIDA CONSELHEIRO CARRAO, 327",CAOS LEVE,-23.538.338,-46.555.094,FILIAL LESTE,Vidro,Riscado,Preventiva,1,0%
925072,20150138,A07907,LESTE,CARRAO,"AVENIDA CONSELHEIRO CARRAO, 327",CAOS LEVE,-23.538.338,-46.555.094,FILIAL LESTE,Estrutura Abrigo,Sujo,Preventiva,1,0%
925072,20150138,A07907,LESTE,CARRAO,"AVENIDA CONSELHEIRO CARRAO, 327",CAOS LEVE,-23.538.338,-46.555.094,FILIAL LESTE,Vidro,Colagem,Preventiva,1,0%
925100,20150154,A05429,LESTE,CARRAO,"RUA DIAMANTE PRETO, 686",MINIMALISTA LEVE,-23.539.797,-46.553.037,FILIAL LESTE,Vidro,Riscado,Preventiva,1,0%
925100,20150154,A05429,LESTE,CARRAO,"RUA DIAMANTE PRETO, 686",MINIMALISTA LEVE,-23.539.797,-46.553.037,FILIAL LESTE,Estrutura Abrigo,Sujo,Preventiva,1,0%
925120,20150174,T16184,LESTE,TATUAPE,"RUA SERRA DE BOTUCATU, 1195",TOTEM MARROM,-23.542.253,-46.560.417,FILIAL LESTE,Itinerario,Danificado Parcialmente,Corretiva,1,0%
925125,20150177,T16184,LESTE,TATUAPE,"RUA SERRA DE BOTUCATU, 1195",TOTEM MARROM,-23.542.253,-46.560.417,FILIAL LESTE,Itinerario,Danificado Parcialmente,Corretiva,1,0%
937386,20159520,T17077,LESTE,TATUAPE,"RUA SAO BERNARDO, 665",TOTEM MARROM,-23.550.111,-46.576.857,FILIAL LESTE,Piso,Entorno Inadequado,Corretiva,1,0%
937405,20159526,T17078,LESTE,TATUAPE,"RUA SAO BERNARDO, 197",TOTEM MARROM,-23.546.236,-46.578.439,FILIAL LESTE,Piso,Entorno Inadequado,Corretiva,1,0%
937430,20159534,T03264,LESTE,TATUAPE,"RUA PADRE ADELINO, 1787",TOTEM MARROM,-23.544.135,-46.577.342,FILIAL LESTE,Itinerario,Pictograma Danificado,Preventiva,1,0%
937430,20159534,T03264,LESTE,TATUAPE,"RUA PADRE ADELINO, 1787",TOTEM MARROM,-23.544.135,-46.577.342,FILIAL LESTE,Abalroado,,Corretiva,1,0%
937454,20159548,T11291,LESTE,TATUAPE,"RUA PADRE ADELINO (PC SILVIO ROMERO), 33",TOTEM MARROM,-23.545.177,-46.574.072,FILIAL LESTE,Itinerario,Pictograma Danificado,Preventiva,1,0%
937454,20159548,T11291,LESTE,TATUAPE,"RUA PADRE ADELINO (PC SILVIO ROMERO), 33",TOTEM MARROM,-23.545.177,-46.574.072,FILIAL LESTE,Itinerario,Danificado Parcialmente,Corretiva,1,0%
937454,20159548,T11291,LESTE,TATUAPE,"RUA PADRE ADELINO (PC SILVIO ROMERO), 33",TOTEM MARROM,-23.545.177,-46.574.072,FILIAL LESTE,Totem,Com Ferrugem,Preventiva,1,0%
937457,20159550,T11291,LESTE,TATUAPE,"RUA PADRE ADELINO (PC SILVIO ROMERO), 33",TOTEM MARROM,-23.545.177,-46.574.072,FILIAL LESTE,Itinerario,Pictograma Danificado,Preventiva,1,0%
937457,20159550,T11291,LESTE,TATUAPE,"RUA PADRE ADELINO (PC SILVIO ROMERO), 33",TOTEM MARROM,-23.545.177,-46.574.072,FILIAL LESTE,Itinerario,Danificado Parcialmente,Corretiva,1,0%
937457,20159550,T11291,LESTE,TATUAPE,"RUA PADRE ADELINO (PC SILVIO ROMERO), 33",TOTEM MARROM,-23.545.177,-46.574.072,FILIAL LESTE,Totem,Com Ferrugem,Preventiva,1,0%
937462,20159552,T11291,LESTE,TATUAPE,"RUA PADRE ADELINO (PC SILVIO ROMERO), 33",TOTEM MARROM,-23.545.177,-46.574.072,FILIAL LESTE,Itinerario,Pictograma Danificado,Preventiva,1,0%
937462,20159552,T11291,LESTE,TATUAPE,"RUA PADRE ADELINO (PC SILVIO ROMERO), 33",TOTEM MARROM,-23.545.177,-46.574.072,FILIAL LESTE,Itinerario,Danificado Parcialmente,Corretiva,1,0%
937462,20159552,T11291,LESTE,TATUAPE,"RUA PADRE ADELINO (PC SILVIO ROMERO), 33",TOTEM MARROM,-23.545.177,-46.574.072,FILIAL LESTE,Totem,Com Ferrugem,Preventiva,1,0%
937624,20159647,T02923,LESTE,TATUAPE,"RUA PADRE ESTEVAO PERNET, 284",TOTEM MARROM,-23.542.973,-46.571.918,FILIAL LESTE,Itinerario,Pictograma Danificado,Preventiva,1,0%
937624,20159647,T02923,LESTE,TATUAPE,"RUA PADRE ESTEVAO PERNET, 284",TOTEM MARROM,-23.542.973,-46.571.918,FILIAL LESTE,Totem,Com Colagem,Preventiva,1,0%
937654,20159676,T13254,LESTE,AGUA RASA,"RUA SEBASTIAO BARBOSA, 37",TOTEM MARROM,-2.355.287,-46.574.698,FILIAL LESTE,Itinerario,Pictograma Danificado,Preventiva,1,0%
937654,20159676,T13254,LESTE,AGUA RASA,"RUA SEBASTIAO BARBOSA, 37",TOTEM MARROM,-2.355.287,-46.574.698,FILIAL LESTE,Piso,Entorno Inadequado,Corretiva,1,0%
937654,20159676,T13254,LESTE,AGUA RASA,"RUA SEBASTIAO BARBOSA, 37",TOTEM MARROM,-2.355.287,-46.574.698,FILIAL LESTE,Totem,Com Colagem,Preventiva,1,0%
937804,20159773,T04892,LESTE,AGUA RASA,"RUA MARECHAL BARBACENA, 510",TOTEM MARROM,-23.554.957,-46.574.475,FILIAL LESTE,Itinerario,Ausente,Preventiva,1,0%
937804,20159773,T04892,LESTE,AGUA RASA,"RUA MARECHAL BARBACENA, 510",TOTEM MARROM,-23.554.957,-46.574.475,FILIAL LESTE,Totem,Com Colagem,Preventiva,1,0%
937804,20159773,T04892,LESTE,AGUA RASA,"RUA MARECHAL BARBACENA, 510",TOTEM MARROM,-23.554.957,-46.574.475,FILIAL LESTE,Estrutura Abrigo,Sujo,Preventiva,1,0%
940127,20161337,T11280,LESTE,TATUAPE,"RUA ISIDRO TINOCO, 7",TOTEM MARROM,-23.543.439,-46.573.763,FILIAL LESTE,Totem,Com Colagem,Preventiva,1,0%
940193,20161380,T11309,LESTE,TATUAPE,"RUA VILELA, 853",TOTEM MARROM,-23.541.837,-46.565.554,FILIAL LESTE,Totem,Com Colagem,Preventiva,1,0%
940215,20161394,T07806,LESTE,TATUAPE,"RUA PADRE ESTEVAO DE PERNET X ITAPURA, SN",TOTEM MARROM,-2.354.191,-46.566.922,FILIAL LESTE,Totem,Com Colagem,Preventiva,1,0%
940237,20161414,T11310,LESTE,TATUAPE,"RUA VILELA, 663",TOTEM MARROM,-23.540.223,-46.566.179,FILIAL LESTE,Totem,Com Colagem,Preventiva,1,0%
940266,20161442,T03952,LESTE,TATUAPE,"RUA APUCARANA, 642",TOTEM MARROM,-23.543.938,-46.564.048,FILIAL LESTE,Itinerario,Ausente,Preventiva,1,0%
940266,20161442,T03952,LESTE,TATUAPE,"RUA APUCARANA, 642",TOTEM MARROM,-23.543.938,-46.564.048,FILIAL LESTE,Piso,Entorno Inadequado,Corretiva,1,0%
940266,20161442,T03952,LESTE,TATUAPE,"RUA APUCARANA, 642",TOTEM MARROM,-23.543.938,-46.564.048,FILIAL LESTE,Totem,Com Colagem,Preventiva,1,0%
940266,20161442,T03952,LESTE,TATUAPE,"RUA APUCARANA, 642",TOTEM MARROM,-23.543.938,-46.564.048,FILIAL LESTE,Totem,Pichação,Preventiva,1,0%
940279,20161451,T11254,LESTE,TATUAPE,"RUA APUCARANA, 846",TOTEM MARROM,-23.545.513,-4.656.369,FILIAL LESTE,Sem Ocorrências,Sem Ocorrências,Preventiva,1,0%
940326,20161485,T19695,LESTE,TATUAPE,"RUA APUCARANA, 1520",TOTEM MARROM,-23.551.672,-46.562.243,FILIAL LESTE,Sem Ocorrências,Sem Ocorrências,Preventiva,1,0%
940333,20161491,T11275,LESTE,TATUAPE,"RUA EMILIA MARENGO, SN",TOTEM MARROM,-23.553.154,-46.562.116,FILIAL LESTE,Piso,Entorno Inadequado,Corretiva,1,0%
940400,20161552,A02756,LESTE,VILA FORMOSA,"RUA ELEONORA CINTRA (RUA CANUTO DE ABREU - PQ CERET ), 510",CAOS LEVE,-23.556.275,-46.560.128,FILIAL LESTE,Piso,Entorno Inadequado,Corretiva,1,0%
940400,20161552,A02756,LESTE,VILA FORMOSA,"RUA ELEONORA CINTRA (RUA CANUTO DE ABREU - PQ CERET ), 510",CAOS LEVE,-23.556.275,-46.560.128,FILIAL LESTE,Piso,Podotatil Danificado,Corretiva,1,0%
940400,20161552,A02756,LESTE,VILA FORMOSA,"RUA ELEONORA CINTRA (RUA CANUTO DE ABREU - PQ CERET ), 510",CAOS LEVE,-23.556.275,-46.560.128,FILIAL LESTE,Totem,Com Colagem,Preventiva,1,0%
940400,20161552,A02756,LESTE,VILA FORMOSA,"RUA ELEONORA CINTRA (RUA CANUTO DE ABREU - PQ CERET ), 510",CAOS LEVE,-23.556.275,-46.560.128,FILIAL LESTE,Cobertura,Suja,Preventiva,1,0%
940400,20161552,A02756,LESTE,VILA FORMOSA,"RUA ELEONORA CINTRA (RUA CANUTO DE ABREU - PQ CERET ), 510",CAOS LEVE,-23.556.275,-46.560.128,FILIAL LESTE,Estrutura Abrigo,Sujo,Preventiva,1,0%
940400,20161552,A02756,LESTE,VILA FORMOSA,"RUA ELEONORA CINTRA (RUA CANUTO DE ABREU - PQ CERET ), 510",CAOS LEVE,-23.556.275,-46.560.128,FILIAL LESTE,Vidro,Colagem,Preventiva,1,0%
940473,20161606,T18945,LESTE,AGUA RASA,"RUA BENTO GONÇALVES, 424",TOTEM MARROM,-23.553.267,-46.569.668,FILIAL LESTE,Piso,Podotatil Danificado,Corretiva,1,0%
940498,20161609,T04862,LESTE,AGUA RASA,"RUA BDO SERRO LARGO, 197",TOTEM MARROM,-23.552.831,-46.569.662,FILIAL LESTE,Abalroado,,Corretiva,1,0%
943068,20163602,T14895,LESTE,TATUAPE,"RUA BONSUCESSO, 343",TOTEM MARROM,-23.543.841,-46.576.684,FILIAL LESTE,Sem Ocorrências,Sem Ocorrências,Preventiva,1,0%
943116,20163617,T13438,LESTE,TATUAPE,"RUA BONSUCESSO, 959",TOTEM MARROM,-2.354.695,-46.577.473,FILIAL LESTE,Sem Ocorrências,Sem Ocorrências,Preventiva,1,0%
943120,20163622,T13437,LESTE,TATUAPE,"RUA BONSUCESSO, 976",TOTEM MARROM,-23.547.044,-46.577.418,FILIAL LESTE,Piso,Entorno Inadequado,Corretiva,1,0%
943120,20163622,T13437,LESTE,TATUAPE,"RUA BONSUCESSO, 976",TOTEM MARROM,-23.547.044,-46.577.418,FILIAL LESTE,Piso,Podotatil Danificado,Corretiva,1,0%
943138,20163634,T03722,LESTE,TATUAPE,"RUA BONSUCESSO, 1189",TOTEM MARROM,-23.548.879,-46.576.298,FILIAL LESTE,Piso,Entorno Inadequado,Corretiva,1,0%
943138,20163634,T03722,LESTE,TATUAPE,"RUA BONSUCESSO, 1189",TOTEM MARROM,-23.548.879,-46.576.298,FILIAL LESTE,Totem,Com Ferrugem,Preventiva,1,0%
943141,20163640,T03723,LESTE,TATUAPE,"RUA BONSUCESSO, 1256",TOTEM MARROM,-23.549.435,-46.576.231,FILIAL LESTE,Piso,Entorno Inadequado,Corretiva,1,0%
943141,20163640,T03723,LESTE,TATUAPE,"RUA BONSUCESSO, 1256",TOTEM MARROM,-23.549.435,-46.576.231,FILIAL LESTE,Totem,Com Ferrugem,Preventiva,1,0%
943156,20163650,T11265,LESTE,TATUAPE,"RUA BONSUCESSO, 1329",TOTEM MARROM,-23.550.264,-46.575.891,FILIAL LESTE,Piso,Entorno Inadequado,Corretiva,1,0%
943196,20163692,T11266,LESTE,TATUAPE,"RUA BONSUCESSO, 1378",TOTEM MARROM,-23.550.468,-46.575.952,FILIAL LESTE,Sem Ocorrências,Sem Ocorrências,Preventiva,1,0%
944569,20164591,A02733,LESTE,TATUAPE,"AVENIDA AZEVEDO (PRACA SANTA TERESINHA), 119",CAOS LEVE,-23.540.956,-46.571.021,FILIAL LESTE,Piso,Entorno Inadequado,Corretiva,1,0%
944569,20164591,A02733,LESTE,TATUAPE,"AVENIDA AZEVEDO (PRACA SANTA TERESINHA), 119",CAOS LEVE,-23.540.956,-46.571.021,FILIAL LESTE,Vidro,Riscado,Preventiva,1,0%
944569,20164591,A02733,LESTE,TATUAPE,"AVENIDA AZEVEDO (PRACA SANTA TERESINHA), 119",CAOS LEVE,-23.540.956,-46.571.021,FILIAL LESTE,Piso,Sujo,Preventiva,1,0%
944569,20164591,A02733,LESTE,TATUAPE,"AVENIDA AZEVEDO (PRACA SANTA TERESINHA), 119",CAOS LEVE,-23.540.956,-46.571.021,FILIAL LESTE,Vidro,Colagem,Preventiva,1,0%
944569,20164591,A02733,LESTE,TATUAPE,"AVENIDA AZEVEDO (PRACA SANTA TERESINHA), 119",CAOS LEVE,-23.540.956,-46.571.021,FILIAL LESTE,Elétrica,Iluminação,Preventiva,1,0%
944592,20164598,A02734,LESTE,TATUAPE,"AVENIDA AZEVEDO (PRACA SANTA TERESINHA), 118",CAOS LEVE,-23.541.016,-46.570.984,FILIAL LESTE,Piso,Entorno Inadequado,Corretiva,1,0%
944592,20164598,A02734,LESTE,TATUAPE,"AVENIDA AZEVEDO (PRACA SANTA TERESINHA), 118",CAOS LEVE,-23.541.016,-46.570.984,FILIAL LESTE,Vidro,Riscado,Preventiva,1,0%
944592,20164598,A02734,LESTE,TATUAPE,"AVENIDA AZEVEDO (PRACA SANTA TERESINHA), 118",CAOS LEVE,-23.541.016,-46.570.984,FILIAL LESTE,Cobertura,Suja,Preventiva,1,0%
944592,20164598,A02734,LESTE,TATUAPE,"AVENIDA AZEVEDO (PRACA SANTA TERESINHA), 118",CAOS LEVE,-23.541.016,-46.570.984,FILIAL LESTE,Vidro,Colagem,Preventiva,1,0%
944592,20164598,A02734,LESTE,TATUAPE,"AVENIDA AZEVEDO (PRACA SANTA TERESINHA), 118",CAOS LEVE,-23.541.016,-46.570.984,FILIAL LESTE,Elétrica,Iluminação,Preventiva,1,0%
944628,20164615,T16594,LESTE,TATUAPE,"RUA FILIPE CAMARAO, OP 431",TOTEM MARROM,-23.538.757,-46.579.376,FILIAL LESTE,Itinerario,Pictograma Danificado,Preventiva,1,0%
944628,20164615,T16594,LESTE,TATUAPE,"RUA FILIPE CAMARAO, OP 431",TOTEM MARROM,-23.538.757,-46.579.376,FILIAL LESTE,Piso,Podotatil Danificado,Corretiva,1,0%
944661,20164628,T11279,LESTE,TATUAPE,"RUA HENRIQUE SERTORIO, 101",TOTEM MARROM,-23.535.944,-4.657.789,FILIAL LESTE,Piso,Sujo,Preventiva,1,0%
944708,20164644,T16890,LESTE,TATUAPE,"RUA JACIRENDI, 222",TOTEM MARROM,-23.533.002,-46.578.102,FILIAL LESTE,Itinerario,Danificado Parcialmente,Corretiva,1,0%
944720,20164649,T14663,LESTE,TATUAPE,"RUA JACIRENDI, 412",TOTEM MARROM,-23.531.263,-46.578.738,FILIAL LESTE,Itinerario,Danificado Parcialmente,Corretiva,1,0%
944730,20164656,T17845,LESTE,TATUAPE,"RUA JACIRENDI, 577",TOTEM MARROM,-23.529.287,-4.658.026,FILIAL LESTE,Totem,Com Colagem,Preventiva,1,0%
944740,20164667,T17844,LESTE,TATUAPE,"RUA ULISSES CRUZ, 930",TOTEM MARROM,-23.530.314,-46.578.403,FILIAL LESTE,Itinerario,Danificado Parcialmente,Corretiva,1,0%
944740,20164667,T17844,LESTE,TATUAPE,"RUA ULISSES CRUZ, 930",TOTEM MARROM,-23.530.314,-46.578.403,FILIAL LESTE,Piso,Entorno Inadequado,Corretiva,1,0%
944763,20164678,T17846,LESTE,TATUAPE,"RUA PITANGUI, 138",TOTEM MARROM,-23.530.054,-46.576.816,FILIAL LESTE,Sem Ocorrências,Sem Ocorrências,Preventiva,1,0%
944777,20164688,T11304,LESTE,TATUAPE,"RUA TUIUTI, 278",TOTEM MARROM,-2.352.754,-46.575.809,FILIAL LESTE,Sem Ocorrências,Sem Ocorrências,Preventiva,1,0%
944792,20164697,T02881,LESTE,TATUAPE,"RUA TUIUTI, 606",TOTEM MARROM,-23.530.229,-46.575.817,FILIAL LESTE,Itinerario,Pictograma Danificado,Preventiva,1,0%
944792,20164697,T02881,LESTE,TATUAPE,"RUA TUIUTI, 606",TOTEM MARROM,-23.530.229,-46.575.817,FILIAL LESTE,Itinerario,Danificado Parcialmente,Corretiva,1,0%
944807,20164714,T11292,LESTE,TATUAPE,"RUA SABATINO NASTARI, 31",TOTEM MARROM,-23.532.297,-46.575.346,FILIAL LESTE,Itinerario,Pictograma Danificado,Preventiva,1,0%
944807,20164714,T11292,LESTE,TATUAPE,"RUA SABATINO NASTARI, 31",TOTEM MARROM,-23.532.297,-46.575.346,FILIAL LESTE,Totem,Com Colagem,Preventiva,1,0%
944825,20164729,T11298,LESTE,TATUAPE,"RUA SIRIA, 394",TOTEM MARROM,-23.530.258,-46.566.607,FILIAL LESTE,Itinerario,Danificado Parcialmente,Corretiva,1,0%
944848,20164747,T11299,LESTE,TATUAPE,"RUA SANTA ELVIRA, 494",TOTEM MARROM,-2.352.822,-46.566.334,FILIAL LESTE,Totem,Pichação,Preventiva,1,0%
944870,20164765,T04670,LESTE,TATUAPE,"RUA BAGUARI, 64",TOTEM MARROM,-23.535.024,-46.570.254,FILIAL LESTE,Itinerario,Pictograma Danificado,Preventiva,1,0%
944890,20164782,T16768,LESTE,TATUAPE,"RUA DOUTOR ANGELO VITA, 303",TOTEM MARROM,-23.536.839,-4.656.542,FILIAL LESTE,Sem Ocorrências,Sem Ocorrências,Preventiva,1,0%
944913,20164795,T11269,LESTE,TATUAPE,"RUA CORONEL GUSTAVO SANTIAGO, 65",TOTEM MARROM,-23.534.499,-46.565.341,FILIAL LESTE,Sem Ocorrências,Sem Ocorrências,Preventiva,1,0%
945448,20165224,T14837,LESTE,TATUAPE,"RUA FRANCISCO BUENO, 384",TOTEM MARROM,-23.532.196,-46.583.114,FILIAL LESTE,Itinerario,Ausente,Preventiva,1,0%
945470,20165237,T03720,LESTE,TATUAPE,"RUA ULISSES CRUZ, 809",TOTEM MARROM,-23.531.398,-46.579.453,FILIAL LESTE,Itinerario,Danificado Parcialmente,Corretiva,1,0%
945503,20165254,T14329,LESTE,TATUAPE,"RUA GONÇALVES CRESPO, 78",TOTEM MARROM,-23.538.547,-46.575.739,FILIAL LESTE,Sem Ocorrências,Sem Ocorrências,Preventiva,1,0%
945542,20165279,A08425,LESTE,TATUAPE,"RUA URURAI, 111",MINIMALISTA LEVE,-23.533.237,-46.571.671,FILIAL LESTE,Estrutura Abrigo,Colagem,Preventiva,1,0%
945596,20165321,T14757,LESTE,TATUAPE,"RUA FERNANDES PINHEIRO, 143",TOTEM MARROM,-23.540.846,-4.657.206,FILIAL LESTE,Itinerario,Ausente,Preventiva,1,0%
945596,20165321,T14757,LESTE,TATUAPE,"RUA FERNANDES PINHEIRO, 143",TOTEM MARROM,-23.540.846,-4.657.206,FILIAL LESTE,Itinerario,Pictograma Danificado,Preventiva,1,0%
945596,20165321,T14757,LESTE,TATUAPE,"RUA FERNANDES PINHEIRO, 143",TOTEM MARROM,-23.540.846,-4.657.206,FILIAL LESTE,Totem,Com Colagem,Preventiva,1,0%
945644,20165337,T02959,LESTE,TATUAPE,"AVENIDA AZEVEDO, 462",TOTEM MARROM,-23.543.392,-46.570.598,FILIAL LESTE,Itinerario,Pictograma Danificado,Preventiva,1,0%
945644,20165337,T02959,LESTE,TATUAPE,"AVENIDA AZEVEDO, 462",TOTEM MARROM,-23.543.392,-46.570.598,FILIAL LESTE,Itinerario,Danificado Parcialmente,Corretiva,1,0%
945644,20165337,T02959,LESTE,TATUAPE,"AVENIDA AZEVEDO, 462",TOTEM MARROM,-23.543.392,-46.570.598,FILIAL LESTE,Piso,Entorno Inadequado,Corretiva,1,0%
945644,20165337,T02959,LESTE,TATUAPE,"AVENIDA AZEVEDO, 462",TOTEM MARROM,-23.543.392,-46.570.598,FILIAL LESTE,Totem,Com Colagem,Preventiva,1,0%
945644,20165337,T02959,LESTE,TATUAPE,"AVENIDA AZEVEDO, 462",TOTEM MARROM,-23.543.392,-46.570.598,FILIAL LESTE,Totem,Pichação,Preventiva,1,0%
945703,20165361,T03157,LESTE,TATUAPE,"RUA MONTE SERRAT, 658",TOTEM MARROM,-23.543.339,-46.561.506,FILIAL LESTE,Sem Ocorrências,Sem Ocorrências,Preventiva,1,0%
945740,20165376,T11293,LESTE,TATUAPE,"RUA SERRA DE BOTUCATU, 979",TOTEM MARROM,-23.542.718,-46.562.499,FILIAL LESTE,Sem Ocorrências,Sem Ocorrências,Preventiva,1,0%
945749,20165383,T11294,LESTE,TATUAPE,"RUA SERRA DE BOTUCATU, 749",TOTEM MARROM,-23.543.134,-4.656.462,FILIAL LESTE,Sem Ocorrências,Sem Ocorrências,Preventiva,1,0%
945780,20165413,T11301,LESTE,TATUAPE,"RUA TIJUCO PRETO, 1388",TOTEM MARROM,-23.542.105,-46.562.191,FILIAL LESTE,Itinerario,Pictograma Danificado,Preventiva,1,0%
945820,20165440,T18231,LESTE,TATUAPE,"RUA EUCLIDES PACHECO, 705",TOTEM MARROM,-23.548.074,-46.567.987,FILIAL LESTE,Piso,Podotatil Danificado,Corretiva,1,0%
948457,20167587,T03420,LESTE,TATUAPE,"RUA ULISSES CRUZ, 435",TOTEM MARROM,-2.353.266,-46.582.603,FILIAL LESTE,Itinerario,Pictograma Danificado,Preventiva,1,0%
948477,20167595,A07414,LESTE,TATUAPE,"RUA BONSUCESSO, 712",CAOS LEVE,-23.546.057,-46.576.806,FILIAL LESTE,Vidro,Pichação,Preventiva,1,0%
948477,20167595,A07414,LESTE,TATUAPE,"RUA BONSUCESSO, 712",CAOS LEVE,-23.546.057,-46.576.806,FILIAL LESTE,Cobertura,Suja,Preventiva,1,0%
949449,20168277,T04829,LESTE,AGUA RASA,"AVENIDA ALVARO RAMOS, 2048",TOTEM MARROM,-23.553.104,-46.578.948,FILIAL LESTE,Itinerario,Ausente,Preventiva,1,0%
949449,20168277,T04829,LESTE,AGUA RASA,"AVENIDA ALVARO RAMOS, 2048",TOTEM MARROM,-23.553.104,-46.578.948,FILIAL LESTE,Itinerario,Pictograma Danificado,Preventiva,1,0%
949449,20168277,T04829,LESTE,AGUA RASA,"AVENIDA ALVARO RAMOS, 2048",TOTEM MARROM,-23.553.104,-46.578.948,FILIAL LESTE,Totem,Com Colagem,Preventiva,1,0%
949464,20168287,T04830,LESTE,AGUA RASA,"AVENIDA ALVARO RAMOS, 1917",TOTEM MARROM,-23.552.012,-46.579.417,FILIAL LESTE,Itinerario,Pictograma Danificado,Preventiva,1,0%
949464,20168287,T04830,LESTE,AGUA RASA,"AVENIDA ALVARO RAMOS, 1917",TOTEM MARROM,-23.552.012,-46.579.417,FILIAL LESTE,Totem,Com Colagem,Preventiva,1,0%
949464,20168287,T04830,LESTE,AGUA RASA,"AVENIDA ALVARO RAMOS, 1917",TOTEM MARROM,-23.552.012,-46.579.417,FILIAL LESTE,Totem,Danificado,Corretiva,1,0%
949478,20168303,T05294,LESTE,BELEM,"AVENIDA ALVARO RAMOS, 1496",TOTEM MARROM,-23.548.829,-46.581.732,FILIAL LESTE,Itinerario,Ausente,Preventiva,1,0%
949478,20168303,T05294,LESTE,BELEM,"AVENIDA ALVARO RAMOS, 1496",TOTEM MARROM,-23.548.829,-46.581.732,FILIAL LESTE,Itinerario,Pictograma Danificado,Preventiva,1,0%
949478,20168303,T05294,LESTE,BELEM,"AVENIDA ALVARO RAMOS, 1496",TOTEM MARROM,-23.548.829,-46.581.732,FILIAL LESTE,Piso,Entorno Inadequado,Corretiva,1,0%
949497,20168318,T05328,LESTE,BELEM,"RUA TOBIAS BARRETO, 1478",TOTEM MARROM,-23.546.525,-46.584.676,FILIAL LESTE,Itinerario,Pictograma Danificado,Preventiva,1,0%
949497,20168318,T05328,LESTE,BELEM,"RUA TOBIAS BARRETO, 1478",TOTEM MARROM,-23.546.525,-46.584.676,FILIAL LESTE,Totem,Pichação,Preventiva,1,0%
949508,20168324,T05327,LESTE,BELEM,"RUA TOBIAS BARRETO, 1166",TOTEM MARROM,-23.548.608,-4.658.682,FILIAL LESTE,Totem,Pichação,Preventiva,1,0%
949514,20168330,T18481,LESTE,MOOCA,"RUA TOBIAS BARRETO, 812",TOTEM MARROM,-23.550.764,-46.588.921,FILIAL LESTE,Totem,Pichação,Preventiva,1,0%
949518,20168334,A02699,LESTE,MOOCA,"RUA TOBIAS BARRETO (RUA ITABAIANA), 789",CAOS ESTRUTURADO,-23.551.133,-46.589.329,FILIAL LESTE,Totem,Pichação,Preventiva,1,0%
949518,20168334,A02699,LESTE,MOOCA,"RUA TOBIAS BARRETO (RUA ITABAIANA), 789",CAOS ESTRUTURADO,-23.551.133,-46.589.329,FILIAL LESTE,Vidro,Riscado,Preventiva,1,0%
949521,20168338,T09175,LESTE,MOOCA,"RUA TOBIAS BARRETO, 664",TOTEM MARROM,-23.552.004,-46.590.139,FILIAL LESTE,Itinerario,Ausente,Preventiva,1,0%
949521,20168338,T09175,LESTE,MOOCA,"RUA TOBIAS BARRETO, 664",TOTEM MARROM,-23.552.004,-46.590.139,FILIAL LESTE,Piso,Podotatil Danificado,Corretiva,1,0%
949533,20168345,T09174,LESTE,MOOCA,"RUA TOBIAS BARRETO, 553",TOTEM MARROM,-23.552.647,-46.590.898,FILIAL LESTE,Itinerario,Ausente,Preventiva,1,0%
949533,20168345,T09174,LESTE,MOOCA,"RUA TOBIAS BARRETO, 553",TOTEM MARROM,-23.552.647,-46.590.898,FILIAL LESTE,Piso,Podotatil Danificado,Corretiva,1,0%
949551,20168355,A02697,LESTE,MOOCA,"RUA TOBIAS BARRETO (RUA DOS TRILHOS), OP 296",CAOS ESTRUTURADO,-23.554.838,-46.591.717,FILIAL LESTE,Totem,Com Ferrugem,Preventiva,1,0%
949551,20168355,A02697,LESTE,MOOCA,"RUA TOBIAS BARRETO (RUA DOS TRILHOS), OP 296",CAOS ESTRUTURADO,-23.554.838,-46.591.717,FILIAL LESTE,Vidro,Riscado,Preventiva,1,0%
949551,20168355,A02697,LESTE,MOOCA,"RUA TOBIAS BARRETO (RUA DOS TRILHOS), OP 296",CAOS ESTRUTURADO,-23.554.838,-46.591.717,FILIAL LESTE,Painel,Ferrugem,Corretiva,1,0%
949567,20168363,A02698,LESTE,MOOCA,"RUA TOBIAS BARRETO (AVENIDA CASSANDOCA), 328",CAOS ESTRUTURADO,-23.554.676,-46.591.519,FILIAL LESTE,Elétrica,Luminária Acesa de Dia,Corretiva,1,0%
949567,20168363,A02698,LESTE,MOOCA,"RUA TOBIAS BARRETO (AVENIDA CASSANDOCA), 328",CAOS ESTRUTURADO,-23.554.676,-46.591.519,FILIAL LESTE,Piso,Entorno Inadequado,Corretiva,1,0%
949604,20168376,T09141,LESTE,MOOCA,"RUA DA MOOCA, 3441",TOTEM MARROM,-23.557.682,-46.592.095,FILIAL LESTE,Itinerario,Danificado Parcialmente,Corretiva,1,0%
949604,20168376,T09141,LESTE,MOOCA,"RUA DA MOOCA, 3441",TOTEM MARROM,-23.557.682,-46.592.095,FILIAL LESTE,Piso,Podotatil Danificado,Corretiva,1,0%
949604,20168376,T09141,LESTE,MOOCA,"RUA DA MOOCA, 3441",TOTEM MARROM,-23.557.682,-46.592.095,FILIAL LESTE,Piso,Podotatil Ausente,Preventiva,1,0%
949617,20168380,T09140,LESTE,MOOCA,"RUA DA MOOCA, 3645",TOTEM MARROM,-23.558.449,-46.590.286,FILIAL LESTE,Piso,Entorno Inadequado,Corretiva,1,0%
949617,20168380,T09140,LESTE,MOOCA,"RUA DA MOOCA, 3645",TOTEM MARROM,-23.558.449,-46.590.286,FILIAL LESTE,Piso,Podotatil Danificado,Corretiva,1,0%
949652,20168390,T09139,LESTE,MOOCA,"RUA DA MOOCA, 3988",TOTEM MARROM,-23.559.763,-46.587.416,FILIAL LESTE,Piso,Podotatil Danificado,Corretiva,1,0%
949696,20168413,T09138,LESTE,MOOCA,"RUA DA MOOCA, 3358",TOTEM MARROM,-23.557.394,-4.659.295,FILIAL LESTE,Piso,Entorno Inadequado,Corretiva,1,0%
949696,20168413,T09138,LESTE,MOOCA,"RUA DA MOOCA, 3358",TOTEM MARROM,-23.557.394,-4.659.295,FILIAL LESTE,Piso,Podotatil Danificado,Corretiva,1,0%
949696,20168413,T09138,LESTE,MOOCA,"RUA DA MOOCA, 3358",TOTEM MARROM,-23.557.394,-4.659.295,FILIAL LESTE,Piso,Podotatil Ausente,Preventiva,1,0%
949696,20168413,T09138,LESTE,MOOCA,"RUA DA MOOCA, 3358",TOTEM MARROM,-23.557.394,-4.659.295,FILIAL LESTE,Totem,Com Colagem,Preventiva,1,0%
949722,20168427,T09142,LESTE,MOOCA,"RUA DA MOOCA, 3265",TOTEM MARROM,-23.556.975,-46.593.623,FILIAL LESTE,Itinerario,Danificado Parcialmente,Corretiva,1,0%
949722,20168427,T09142,LESTE,MOOCA,"RUA DA MOOCA, 3265",TOTEM MARROM,-23.556.975,-46.593.623,FILIAL LESTE,Piso,Entorno Inadequado,Corretiva,1,0%
949722,20168427,T09142,LESTE,MOOCA,"RUA DA MOOCA, 3265",TOTEM MARROM,-23.556.975,-46.593.623,FILIAL LESTE,Piso,Sujo,Preventiva,1,0%
949746,20168442,T09134,LESTE,MOOCA,"RUA CAPITAES MORES, 136",TOTEM MARROM,-23.555.234,-4.659.469,FILIAL LESTE,Piso,Entorno Inadequado,Corretiva,1,0%
949746,20168442,T09134,LESTE,MOOCA,"RUA CAPITAES MORES, 136",TOTEM MARROM,-23.555.234,-4.659.469,FILIAL LESTE,Piso,Podotatil Danificado,Corretiva,1,0%
949767,20168457,T02559,LESTE,MOOCA,"RUA CAPITAES MORES, 293",TOTEM MARROM,-23.557.435,-46.595.714,FILIAL LESTE,Itinerario,Danificado Parcialmente,Corretiva,1,0%
949767,20168457,T02559,LESTE,MOOCA,"RUA CAPITAES MORES, 293",TOTEM MARROM,-23.557.435,-46.595.714,FILIAL LESTE,Piso,Entorno Inadequado,Corretiva,1,0%
949767,20168457,T02559,LESTE,MOOCA,"RUA CAPITAES MORES, 293",TOTEM MARROM,-23.557.435,-46.595.714,FILIAL LESTE,Piso,Podotatil Danificado,Corretiva,1,0%
949818,20168487,T09162,LESTE,MOOCA,"RUA JUVENAL PARADA, 192",TOTEM MARROM,-23.555.602,-46.597.001,FILIAL LESTE,Sem Ocorrências,Sem Ocorrências,Preventiva,1,0%
949842,20168509,T09144,LESTE,MOOCA,"RUA DA MOOCA, 2453",TOTEM MARROM,-23.555.371,-46.601.303,FILIAL LESTE,Piso,Entorno Inadequado,Corretiva,1,0%
949842,20168509,T09144,LESTE,MOOCA,"RUA DA MOOCA, 2453",TOTEM MARROM,-23.555.371,-46.601.303,FILIAL LESTE,Piso,Podotatil Danificado,Corretiva,1,0%
949855,20168521,A07580,LESTE,MOOCA,"RUA ORVILLE DERBY, 25",CAOS LEVE,-23.555.519,-4.660.327,FILIAL LESTE,Estrutura Abrigo,Spider,Corretiva,1,0%
949855,20168521,A07580,LESTE,MOOCA,"RUA ORVILLE DERBY, 25",CAOS LEVE,-23.555.519,-4.660.327,FILIAL LESTE,Itinerario,Ausente,Preventiva,1,0%
949855,20168521,A07580,LESTE,MOOCA,"RUA ORVILLE DERBY, 25",CAOS LEVE,-23.555.519,-4.660.327,FILIAL LESTE,Piso,Podotatil Danificado,Corretiva,1,0%
949855,20168521,A07580,LESTE,MOOCA,"RUA ORVILLE DERBY, 25",CAOS LEVE,-23.555.519,-4.660.327,FILIAL LESTE,Piso,Sujo,Preventiva,1,0%
949879,20168541,T09165,LESTE,MOOCA,"RUA MARINA CRESPI, 86",TOTEM MARROM,-23.555.876,-46.604.321,FILIAL LESTE,Sem Ocorrências,Sem Ocorrências,Preventiva,1,0%
949896,20168555,T09145,LESTE,MOOCA,"RUA DA MOOCA, 2095",TOTEM MARROM,-23.554.991,-46.604.752,FILIAL LESTE,Itinerario,Danificado Parcialmente,Corretiva,1,0%
949896,20168555,T09145,LESTE,MOOCA,"RUA DA MOOCA, 2095",TOTEM MARROM,-23.554.991,-46.604.752,FILIAL LESTE,Piso,Podotatil Danificado,Corretiva,1,0%
949934,20168571,T09160,LESTE,MOOCA,"RUA JOAO ANTONIO DE OLIVEIRA, 445",TOTEM MARROM,-23.556.826,-46.606.007,FILIAL LESTE,Itinerario,Danificado Parcialmente,Corretiva,1,0%
949934,20168571,T09160,LESTE,MOOCA,"RUA JOAO ANTONIO DE OLIVEIRA, 445",TOTEM MARROM,-23.556.826,-46.606.007,FILIAL LESTE,Piso,Entorno Inadequado,Corretiva,1,0%
949956,20168583,T09159,LESTE,MOOCA,"RUA JOAO ANTONIO DE OLIVEIRA, 621",TOTEM MARROM,-23.558.303,-46.605.654,FILIAL LESTE,Itinerario,Ausente,Preventiva,1,0%
949962,20168597,A06050,LESTE,MOOCA,"RUA JOAO ANTONIO DE OLIVEIRA, 911",CAOS LEVE,-23.560.581,-4.660.454,FILIAL LESTE,Estrutura Abrigo,Spider,Corretiva,1,0%
949990,20168621,A06051,LESTE,MOOCA,"RUA JOAO ANTONIO DE OLIVEIRA, 1297",CAOS LEVE,-23.563.908,-46.602.921,FILIAL LESTE,Totem,Com Colagem,Preventiva,1,0%
949990,20168621,A06051,LESTE,MOOCA,"RUA JOAO ANTONIO DE OLIVEIRA, 1297",CAOS LEVE,-23.563.908,-46.602.921,FILIAL LESTE,Cobertura,Suja,Preventiva,1,0%
949990,20168621,A06051,LESTE,MOOCA,"RUA JOAO ANTONIO DE OLIVEIRA, 1297",CAOS LEVE,-23.563.908,-46.602.921,FILIAL LESTE,Piso,Sujo,Preventiva,1,0%
950029,20168650,A08399,LESTE,MOOCA,"RUA BORGES DE FIGUEIREDO, 156",CAOS LEVE,-23.556.274,-46.607.832,FILIAL LESTE,Estrutura Abrigo,Pichação,Preventiva,1,0%
950029,20168650,A08399,LESTE,MOOCA,"RUA BORGES DE FIGUEIREDO, 156",CAOS LEVE,-23.556.274,-46.607.832,FILIAL LESTE,Totem,Pichação,Preventiva,1,0%
950029,20168650,A08399,LESTE,MOOCA,"RUA BORGES DE FIGUEIREDO, 156",CAOS LEVE,-23.556.274,-46.607.832,FILIAL LESTE,Vidro,Colagem,Preventiva,1,0%
950052,20168677,A06046,LESTE,MOOCA,"RUA DA MOOCA, 1678",CAOS LEVE,-23.554.869,-46.608.592,FILIAL LESTE,Estrutura Abrigo,Spider,Corretiva,1,0%
950052,20168677,A06046,LESTE,MOOCA,"RUA DA MOOCA, 1678",CAOS LEVE,-23.554.869,-46.608.592,FILIAL LESTE,Piso,Entorno Inadequado,Corretiva,1,0%
950052,20168677,A06046,LESTE,MOOCA,"RUA DA MOOCA, 1678",CAOS LEVE,-23.554.869,-46.608.592,FILIAL LESTE,Piso,Podotatil Ausente,Preventiva,1,0%
950052,20168677,A06046,LESTE,MOOCA,"RUA DA MOOCA, 1678",CAOS LEVE,-23.554.869,-46.608.592,FILIAL LESTE,Cobertura,Suja,Preventiva,1,0%
950052,20168677,A06046,LESTE,MOOCA,"RUA DA MOOCA, 1678",CAOS LEVE,-23.554.869,-46.608.592,FILIAL LESTE,Vidro,Colagem,Preventiva,1,0%
950078,20168693,A02674,LESTE,MOOCA,"RUA DA MOOCA, 1839",CAOS LEVE,-23.554.801,-46.607.089,FILIAL LESTE,Itinerario,Pictograma Danificado,Preventiva,1,0%
950078,20168693,A02674,LESTE,MOOCA,"RUA DA MOOCA, 1839",CAOS LEVE,-23.554.801,-46.607.089,FILIAL LESTE,Piso,Entorno Inadequado,Corretiva,1,0%
950078,20168693,A02674,LESTE,MOOCA,"RUA DA MOOCA, 1839",CAOS LEVE,-23.554.801,-46.607.089,FILIAL LESTE,Piso,Podotatil Danificado,Corretiva,1,0%
950103,20168714,T03719,LESTE,MOOCA,"RUA JOAO ANTONIO DE OLIVEIRA, OP 152",TOTEM MARROM,-23.553.174,-4.660.592,FILIAL LESTE,Piso,Entorno Inadequado,Corretiva,1,0%
950103,20168714,T03719,LESTE,MOOCA,"RUA JOAO ANTONIO DE OLIVEIRA, OP 152",TOTEM MARROM,-23.553.174,-4.660.592,FILIAL LESTE,Totem,Pichação,Preventiva,1,0%
950130,20168746,T09133,LESTE,MOOCA,"RUA ALMIRANTE BRASIL, 521",TOTEM MARROM,-23.551.123,-46.606.874,FILIAL LESTE,Piso,Entorno Inadequado,Corretiva,1,0%
950148,20168759,T02562,LESTE,MOOCA,"RUA ALMIRANTE BRASIL, 371",TOTEM MARROM,-23.550.042,-46.607.825,FILIAL LESTE,Piso,Entorno Inadequado,Corretiva,1,0%
950148,20168759,T02562,LESTE,MOOCA,"RUA ALMIRANTE BRASIL, 371",TOTEM MARROM,-23.550.042,-46.607.825,FILIAL LESTE,Piso,Podotatil Danificado,Corretiva,1,0%
950308,20168841,T04821,LESTE,BELEM,"RUA PADRE ADELINO, 1119",TOTEM MARROM,-23.543.841,-46.583.066,FILIAL LESTE,Itinerario,Pictograma Danificado,Preventiva,1,0%
950308,20168841,T04821,LESTE,BELEM,"RUA PADRE ADELINO, 1119",TOTEM MARROM,-23.543.841,-46.583.066,FILIAL LESTE,Itinerario,Danificado Parcialmente,Corretiva,1,0%
950308,20168841,T04821,LESTE,BELEM,"RUA PADRE ADELINO, 1119",TOTEM MARROM,-23.543.841,-46.583.066,FILIAL LESTE,Totem,Inclinado/Base Danificada,Corretiva,1,0%
950328,20168852,T05329,LESTE,BELEM,"RUA TOBIAS BARRETO, 1768",TOTEM MARROM,-23.544.566,-46.582.811,FILIAL LESTE,Itinerario,Pictograma Danificado,Preventiva,1,0%
950328,20168852,T05329,LESTE,BELEM,"RUA TOBIAS BARRETO, 1768",TOTEM MARROM,-23.544.566,-46.582.811,FILIAL LESTE,Piso,Entorno Inadequado,Corretiva,1,0%
950354,20168876,T03301,LESTE,TATUAPE,"RUA PADRE ADELINO, 1850",TOTEM MARROM,-23.544.468,-46.576.919,FILIAL LESTE,Itinerario,Ausente,Preventiva,1,0%
950354,20168876,T03301,LESTE,TATUAPE,"RUA PADRE ADELINO, 1850",TOTEM MARROM,-23.544.468,-46.576.919,FILIAL LESTE,Itinerario,Pictograma Danificado,Preventiva,1,0%
954959,20171957,T04828,LESTE,AGUA RASA,"AVENIDA ALVARO RAMOS, 2129",TOTEM MARROM,-23.553.723,-46.578.479,FILIAL LESTE,Itinerario,Danificado Parcialmente,Corretiva,1,0%
954970,20171961,T04827,LESTE,AGUA RASA,"AVENIDA ALVARO RAMOS, 2260",TOTEM MARROM,-23.554.794,-46.577.986,FILIAL LESTE,Piso,Entorno Inadequado,Corretiva,1,0%
954996,20171981,T04832,LESTE,AGUA RASA,"AVENIDA ALVARO RAMOS, 2526",TOTEM MARROM,-23.557.059,-46.578.227,FILIAL LESTE,Itinerario,Danificado Parcialmente,Corretiva,1,0%
954996,20171981,T04832,LESTE,AGUA RASA,"AVENIDA ALVARO RAMOS, 2526",TOTEM MARROM,-23.557.059,-46.578.227,FILIAL LESTE,Totem,Com Colagem,Preventiva,1,0%
955014,20171989,T04879,LESTE,AGUA RASA,"RUA DO ACRE, 780",TOTEM MARROM,-23.558.024,-46.578.377,FILIAL LESTE,Sem Ocorrências,Sem Ocorrências,Preventiva,1,0%
955038,20171999,T04878,LESTE,AGUA RASA,"RUA DO ACRE, 496",TOTEM MARROM,-23.558.556,-4.658.099,FILIAL LESTE,Itinerario,Pictograma Danificado,Preventiva,1,0%
955038,20171999,T04878,LESTE,AGUA RASA,"RUA DO ACRE, 496",TOTEM MARROM,-23.558.556,-4.658.099,FILIAL LESTE,Totem,Com Colagem,Preventiva,1,0%
955060,20172009,T04877,LESTE,AGUA RASA,"RUA DO ACRE, 196",TOTEM MARROM,-23.560.063,-46.583.679,FILIAL LESTE,Itinerario,Danificado Parcialmente,Corretiva,1,0%
955060,20172009,T04877,LESTE,AGUA RASA,"RUA DO ACRE, 196",TOTEM MARROM,-23.560.063,-46.583.679,FILIAL LESTE,Piso,Entorno Inadequado,Corretiva,1,0%
955083,20172018,T04873,LESTE,AGUA RASA,"RUA DA MOOCA, 4305",TOTEM MARROM,-23.561.094,-46.584.425,FILIAL LESTE,Totem,Com Colagem,Preventiva,1,0%
955105,20172028,T04872,LESTE,AGUA RASA,"RUA DA MOOCA, 4420",TOTEM MARROM,-23.561.599,-46.583.439,FILIAL LESTE,Itinerario,Pictograma Danificado,Preventiva,1,0%
955105,20172028,T04872,LESTE,AGUA RASA,"RUA DA MOOCA, 4420",TOTEM MARROM,-23.561.599,-46.583.439,FILIAL LESTE,Totem,Com Colagem,Preventiva,1,0%
955115,20172034,T04871,LESTE,AGUA RASA,"RUA DA MOOCA, 4497",TOTEM MARROM,-23.561.664,-4.658.287,FILIAL LESTE,Piso,Entorno Inadequado,Corretiva,1,0%
955115,20172034,T04871,LESTE,AGUA RASA,"RUA DA MOOCA, 4497",TOTEM MARROM,-23.561.664,-4.658.287,FILIAL LESTE,Piso,Podotatil Danificado,Corretiva,1,0%
955138,20172051,A02678,LESTE,AGUA RASA,"RUA DA MOOCA (RUA IBITINGA ), OP 4673",CAOS LEVE,-23.561.824,-46.581.024,FILIAL LESTE,Itinerario,Ausente,Preventiva,1,0%
955138,20172051,A02678,LESTE,AGUA RASA,"RUA DA MOOCA (RUA IBITINGA ), OP 4673",CAOS LEVE,-23.561.824,-46.581.024,FILIAL LESTE,Piso,Podotatil Danificado,Corretiva,1,0%
955158,20172064,A02679,LESTE,AGUA RASA,"RUA DA MOOCA (RUA AVAI ), OP 4845",CAOS LEVE,-23.562.063,-46.579.492,FILIAL LESTE,Piso,Entorno Inadequado,Corretiva,1,0%
955158,20172064,A02679,LESTE,AGUA RASA,"RUA DA MOOCA (RUA AVAI ), OP 4845",CAOS LEVE,-23.562.063,-46.579.492,FILIAL LESTE,Piso,Podotatil Danificado,Corretiva,1,0%
955158,20172064,A02679,LESTE,AGUA RASA,"RUA DA MOOCA (RUA AVAI ), OP 4845",CAOS LEVE,-23.562.063,-46.579.492,FILIAL LESTE,Totem,Com Colagem,Preventiva,1,0%
955158,20172064,A02679,LESTE,AGUA RASA,"RUA DA MOOCA (RUA AVAI ), OP 4845",CAOS LEVE,-23.562.063,-46.579.492,FILIAL LESTE,Piso,Sujo,Preventiva,1,0%
955174,20172078,A02680,LESTE,AGUA RASA,"RUA DA MOOCA (RUA AVAÍ ), 4845",CAOS LEVE,-23.561.997,-46.579.473,FILIAL LESTE,Itinerario,Danificado Parcialmente,Corretiva,1,0%
955174,20172078,A02680,LESTE,AGUA RASA,"RUA DA MOOCA (RUA AVAÍ ), 4845",CAOS LEVE,-23.561.997,-46.579.473,FILIAL LESTE,Painel,Sujo,Preventiva,1,0%
955174,20172078,A02680,LESTE,AGUA RASA,"RUA DA MOOCA (RUA AVAÍ ), 4845",CAOS LEVE,-23.561.997,-46.579.473,FILIAL LESTE,Piso,Entorno Inadequado,Corretiva,1,0%
955174,20172078,A02680,LESTE,AGUA RASA,"RUA DA MOOCA (RUA AVAÍ ), 4845",CAOS LEVE,-23.561.997,-46.579.473,FILIAL LESTE,Piso,Podotatil Danificado,Corretiva,1,0%
955194,20172101,T14088,LESTE,AGUA RASA,"RUA PIRASSUNUNGA, 737",TOTEM MARROM,-23.563.638,-46.578.721,FILIAL LESTE,Totem,Com Colagem,Preventiva,1,0%
955198,20172105,T14077,LESTE,AGUA RASA,"RUA PIRASSUNUNGA, 826",TOTEM MARROM,-23.563.852,-46.578.953,FILIAL LESTE,Sem Ocorrências,Sem Ocorrências,Preventiva,1,0%
955213,20172128,T14034,LESTE,AGUA RASA,"RUA PIRASSUNUNGA, 1071",TOTEM MARROM,-23.565.928,-46.580.013,FILIAL LESTE,Piso,Entorno Inadequado,Corretiva,1,0%
955249,20172160,A07216,LESTE,AGUA RASA,"RUA PIRASSUNUNGA, 1110",MINIMALISTA LEVE,-23.566.062,-46.580.119,FILIAL LESTE,Piso,Entorno Inadequado,Corretiva,1,0%
955249,20172160,A07216,LESTE,AGUA RASA,"RUA PIRASSUNUNGA, 1110",MINIMALISTA LEVE,-23.566.062,-46.580.119,FILIAL LESTE,Piso,Podotatil Danificado,Corretiva,1,0%
955249,20172160,A07216,LESTE,AGUA RASA,"RUA PIRASSUNUNGA, 1110",MINIMALISTA LEVE,-23.566.062,-46.580.119,FILIAL LESTE,Totem,Com Ferrugem,Preventiva,1,0%
