Nº Eletro,Nº Parada,Nº Parada,SEP,Endereço,Bairro,Latitude,Longitude,Filial,Modelo de Abrigo,QTDE. CAIXA DIGITAL,FACE DIGITAL,DIGITAL  POSIÇÃO,DIGITAL TIPO,TIPO DE PAINEL DIGITAL,QTDE. CAIXA ESTATICA, FACE ESTATICA,ESTATICO POSIÇÃO,ESTATICO  TIPOS,OBSERVAÇÃO
A01516,720010451,720010451,,"RUA JOAO ALFREDO (RUA CARLOS GOMES ), 177",SANTO AMARO,"-23,657252","-46,700697",Sul,CAOS LEVE,,,,,,2,2,180°,SIMPLES/SUSPENSO,
A01517,7206949,7206949,33498,"AVENIDA DOUTOR CHUCRI ZAIDAN SHOPPING MORUMBI (B/C), OP 1170",SANTO AMARO,"-23,623952","-46,699983",Sul,CAOS LEVE,1,1,90°,SIMPLES,BOE/DD,1,1,180°,SIMPLES,
A01519,7206791,7206791,43149,"RUA PADRE JOSE DE ANCHIETA (RUA CARLOS A CAMPOS ), OP 190",SANTO AMARO,"-23,647019","-46,706727",Sul,CAOS ESTRUTURADO,1,1,45°,SIMPLES,BOE/AA,,,,,
A01520,3407168,3407168,30848,"AVENIDA DOUTOR CHUCRI ZAIDAN SHOPPING MORUMBI (C/B), SN",SANTO AMARO,"-23,62333","-46,699607",Sul,CAOS LEVE,1,1,90°,SIMPLES,BOE (DS),,,,,
A01522,720011735,720011735,,"RUA VERBO DIVINO (RUA ANDRÉ PINHEIRO ), 713",SANTO AMARO,"-23,634621","-46,70281",Sul,CAOS LEVE,,,,,,2,2,180°,SIMPLES/SUSPENSO,
A01523,790015506,790015506,,"AVENIDA ARATAS (AVENIDA MOREIRA GUIMARÃES), 1104",SAUDE,"-213,613722","-46,657649",Sul,CAOS LEVE,,,,,,,,,,
A01524,790015334,790015334,,"AVENIDA ARATAS (ALAMEDA DOS QUATAS ), 1815",SAUDE,"-23,617887","-46,652252",Sul,CAOS LEVE,,,,,,2,2,180°,SIMPLES/SUSPENSO,
A01525,790016092,790016092,33166,"AVENIDA BOSQUE DA SAUDE (RUA BERTIOGA ), OP 530",SAUDE,"-23,611682","-46,633279",Sul,CAOS LEVE,1,1,45°,SIMPLES,CHINA,1,1,180°,SUSPENSO,
A01526,790016097,790016097,,"AVENIDA BOSQUE DA SAUDE (AVENIDA ITABORAÍ ), OP 834",SAUDE,"-23,611277","-46,630075",Sul,CAOS LEVE,,,,,,1,1,180°,SUSPENSO,
A01527,790016095,790016095,,"AVENIDA BOSQUE DA SAUDE (RUA IBIRAREMA ), 1031",SAUDE,"-23,612203","-46,628634",Sul,CAOS LEVE,,,,,,1,1,180°,SUSPENSO,
A01529,270016986,270016986,32648,"AVENIDA DOUTOR RICARDO JAFET (ESTACAO SANTOS/IMIGRANTES), SN",CURSINO,"-23,595833","-46,621399",Sul,CAOS ESTRUTURADO,1,1,90°,SIMPLES,BOE (AA),,,,,
A01530,920016959,920016959,,"AVENIDA DOUTOR RICARDO JAFET (PRACA MANOEL RODRIGUES SECIO), 944",VILA MARIANA,"-23,584024","-46,617924",Sul,CAOS ESTRUTURADO,,,,,,1,1,180°,SUSPENSO,
A01531,920016961-1,920016961,,"AVENIDA DOUTOR RICARDO JAFET (OPOSTO EXTRA), 1550",VILA MARIANA,"-23,590409","-46,620561",Sul,CAOS LEVE,,,,,,2,2,180°,SIMPLES/SUSPENSO,
A01532,920016961-2,920016961,32507,"AVENIDA DOUTOR RICARDO JAFET (OPOSTO EXTRA), 1550",VILA MARIANA,"-23,590409","-46,620561",Sul,CAOS LEVE,1,1,90°,SIMPLES,LG,1,1,180°,SUSPENSO,
A01533,330015947,330015947,48834,"AVENIDA DOUTOR RICARDO JAFET (RUA PROFº ROMEU PELLEGRINE ), 365",IPIRANGA,"-23,581242","-46,613611",Sul,CAOS LEVE,1,1,45°,SIMPLES,BOE/AA,1,1,180°,SUSPENSO,
A01534,330016958,330016958,48835,"AVENIDA DOUTOR RICARDO JAFET (RUA MARANJAÍ ), 366",IPIRANGA,"-23,580875","-46,613816",Sul,CAOS LEVE,1,1,45°,SIMPLES,BOE/AA,1,1,180°,SUSPENSO,
A01536,920016960-1,920016960,,"AVENIDA DOUTOR RICARDO JAFET (RUA PEDRO CAMPANA - PÃO DE AÇUCARUA ), 1300",VILA MARIANA,"-23,587949","-46,620008",Sul,CAOS LEVE,,,,,,2,2,180°,SIMPLES,
A01537,920016960-2,920016960,,"AVENIDA DOUTOR RICARDO JAFET (RUA PEDRO CAMPANA - PÃO DE AÇUCARUA ), 1300",VILA MARIANA,"-23,587949","-46,620008",Sul,CAOS LEVE,,,,,,1,1,180°,SUSPENSO,
A01538,330016624,330016624,48833,"AVENIDA DOUTOR RICARDO JAFET , 1429",IPIRANGA,"-23,590607","-46,620059",Sul,CAOS LEVE,1,1,45°,SIMPLES,BOE/AA,1,1,180°,SUSPENSO,
A01539,270016984,270016984,,"AVENIDA DOUTOR RICARDO JAFET , 3045",CURSINO,"-23,601971","-46,624615",Sul,CAOS LEVE,,,,,,1,1,180°,SUSPENSO,
A01540,790016965,790016965,,"AVENIDA DOUTOR RICARDO JAFET (RUA OUVIDORUA PELEJA), OP 3085",SAUDE,"-23,602795","-46,625582",Sul,CAOS ESTRUTURADO,,,,,,,,,,
A01541,790016158,790016158,,"AVENIDA FAGUNDES FILHO, 620",SAUDE,"-23,626997","-46,635376",Sul,CAOS LEVE,,,,,,2,2,180°/45°,SIMPLES/SUSPENSO,
A01543,790015519,790015519,,"AVENIDA ITACIRA, 2957",SAUDE,"-23,627187","-46,643304",Sul,CAOS LEVE,,,,,,2,2,180°/45°,SIMPLES/SUSPENSO,
A01544,790016221,790016221,,"AVENIDA JABAQUARA (METRO SAO JUDAS), 1619",SAUDE,"-23,618428","-46,63904",Sul,CAOS ESTRUTURADO,,,,,,2,2,180°,SIMPLES/SUSPENSO,
A01545,790016343,790016343,,"AVENIDA JABAQUARA, 282",SAUDE,"-23,606296","-46,637519",Sul,CAOS ESTRUTURADO,,,,,,,,,,
A01546,790016347,790016347,32468,"AVENIDA JABAQUARA, 1446",SAUDE,"-23,617011","-46,639053",Sul,CAOS ESTRUTURADO,1,1,90°,SIMPLES,BOE/DS,,,,,
A01547,790016358,790016358,,"AVENIDA JABAQUARA (METRO SAUDE), 2443",SAUDE,"-23,625737","-46,640654",Sul,CAOS LEVE,,,,,,2,2,180°,SUSPENSO - SIMPLES,
A01548,790016348,790016348,,"AVENIDA JABAQUARA (METRO SAUDE), 1634",SAUDE,"-23,618476","-46,639365",Sul,CAOS LEVE,,,,,,2,2,180°,SIMPLES/SUSPENSO,
A01549,790016350,790016350,,"AVENIDA JABAQUARA, OP 2345",SAUDE,"-23,624761","-46,640748",Sul,CAOS LEVE,,,,,,2,2,180°,SIMPLES/SUSPENSO,
A01550,790016218,790016218,33170,"AVENIDA JABAQUARA, 2371",SAUDE,"-23,625208","-46,64054",Sul,CAOS LEVE,1,1,90°,SIMPLES,BOE (DS),1,1,180°,SUSPENSO,
A01551,790016356,790016356,,"AVENIDA JABAQUARA, 2979",SAUDE,"-23,629013","-46,645204",Sul,CAOS ESTRUTURADO,,,,,,1,2,90°,SIMPLES,
A01552,790015066,790015066,,"AVENIDA JOSE MARIA WHITAKER (PAO DE ACUCAR), 81",SAUDE,"-23,602371","-46,650732",Sul,CAOS LEVE,,,,,,2,2,180°,SIMPLES/SUSPENSO,
A01553,790015067,790015067,32469,"AVENIDA JOSE MARIA WHITAKER (UNIP), 290",SAUDE,"-23,602829","-46,650087",Sul,CAOS ESTRUTURADO,1,1,90°,SIMPLES,BOE/DS,,,,,
A01554,7905720,7905720,,"AVENIDA JOSE MARIA WHITAKER, OP 521",SAUDE,"-23,606042","-46,649006",Sul,CAOS ESTRUTURADO,1,1,90°,SIMPLES,,1,1,180°,SUSPENSO,
A01555,7905722,7905722,32510,"AVENIDA JOSE MARIA WHITAKER, 521",SAUDE,"-23,606073","-46,648771",Sul,CAOS LEVE,1,1,90°,SIMPLES,BOE/DS,1,1,180°,SUSPENSO,
A01556,790015074,790015074,33483,"AVENIDA JOSE MARIA WHITAKER, OP 1160",SAUDE,"-23,610525","-46,645411",Sul,CAOS LEVE,1,1,90°,SIMPLES,BOE/DS,1,1,180°,SUSPENSO,
A01557,790015078,790015078,,"AVENIDA JOSE MARIA WHITAKER (RUA ITAIPU ), OP 1596",SAUDE,"-23,613943","-46,643922",Sul,CAOS LEVE,,,,,,2,2,180°,SIMPLES/SUSPENSO,
A01558,7906143,7906143,,"AVENIDA MIRUNA (ALAMEDA DOS GUAINUMBIS ), OP 1178",SAUDE,"-23,617955","-46,657364",Sul,CAOS LEVE,,,,,,2,2,180°,SIMPLES/SUSPENSO,
A01559,790015511,790015511,,"AVENIDA MIRUNA (ALAMEDA DOS GUAICANÃS), OP 1483",SAUDE,"-23,619831","-46,655211",Sul,CAOS LEVE,,,,,,1,2,90°,DUPLA FACE,
A01560,790015514,790015514,,"AVENIDA MIRUNA, OP 1800",SAUDE,"-23,621588","-46,652819",Sul,CAOS LEVE,,,,,,,,,,
A01561,270016978,270016978,48849,"AVENIDA PROFESSOR ABRAAO DE MORAIS (FREI ROLIM), 1865",CURSINO,"-23,621044","-46,627705",Sul,CAOS ESTRUTURADO,1,1,45°,SIMPLES,BOE/AA,,,,,
A01562,270016979,270016979,48848,"AVENIDA PROFESSOR ABRAAO DE MORAIS (RUA RIBEIRO LACERDA), 2201",CURSINO,"-23,619463","-46,627624",Sul,CAOS LEVE,1,1,45°,SIMPLES,BOE/AA,1,1,180°,SUSPENSO,
A01563,270016983,270016983,48851,"AVENIDA PROFESSOR ABRAAO DE MORAIS (RUA VIGÁRIO ALBENAZ ), 93",CURSINO,"-23,605168","-46,626014",Sul,CAOS LEVE,1,1,45°,SIMPLES,BOE/AA,1,1,180°,SUSPENSO,
A01564,270016982,270016982,,"AVENIDA PROFESSOR ABRAAO DE MORAIS (AVENIDA ITABORAI), 503",CURSINO,"-23,60896","-46,627661",Sul,CAOS LEVE,,,,,,1,1,45°,SIMPLES,
A01566,790016970,790016970,,"AVENIDA PROFESSOR ABRAAO DE MORAIS (RUA GEN CHAGAS DOS SANTOS ), 1500",SAUDE,"-23,615568","-46,627405",Sul,CAOS LEVE,,,,,,1,1,180°,SIMPLES,
A01567,790016971,790016971,,"AVENIDA PROFESSOR ABRAAO DE MORAIS, 2066",SAUDE,"-23,616938","-46,627698",Sul,CAOS LEVE,,,,,,1,1,180°,SUSPENSO,
A01568,790016972,790016972,,"AVENIDA PROFESSOR ABRAAO DE MORAIS, 2200",SAUDE,"-23,61908","-46,628135",Sul,CAOS LEVE,,,,,,1,1,180,SIMPLES,
A01569,270016954-1,270016954,48850,"AVENIDA PROFESSOR ABRAAO DE MORAIS (RUA FRANCISCO TAPAJÓS ), 2115",CURSINO,"-23,623523","-46,628121",Sul,CAOS LEVE,1,1,45°,SIMPLES,BOE/AA,1,1,180°,SUSPENSO,
A01570,270016954-2,270016954,,"AVENIDA PROFESSOR ABRAAO DE MORAIS (RUA FRANCISCO TAPAJÓS ), 2115",CURSINO,"-23,623523","-46,628121",Sul,CAOS LEVE,,,,,,2,2,180°,SIMPLES/SUSPENSO,
A01571,790016974,790016974,,"AVENIDA PROFESSOR ABRAAO DE MORAIS (AVENIDA FAGUNDES FILHO ), 1446",SAUDE,"-23,626103","-46,629441",Sul,CAOS LEVE,,,,,,1,1,180°,SIMPLES,
A01572,7906174,7906174,,"RUA CARNEIRO DA CUNHA (RUA PARACATU ), 1024",SAUDE,"-23,621818","-46,634645",Sul,CAOS LEVE,,,,,,2,2,180°,SIMPLES/SUSPENSO,
A01573,790016146,790016146,33167,"RUA FIACAO DA SAUDE , 325",SAUDE,"-23,61814","-46,637698",Sul,CAOS LEVE,1,1,90°,SIMPLES,CHINA,1,1,180°,SUSPENSO,
A01574,7906197,7906197,,"RUA IBITURUNA, 494",SAUDE,"-23,623042","-46,635082",Sul,CAOS LEVE,,,,,,2,2,180°,SIMPLES/SUSPENSO,
A01576,810009938,810009938,,"AVENIDA CORONEL OCTAVIANO DE FREITAS COSTA (AVENIDA JUAN ESPERUA ), 89",SOCORRO,"-23,677549","-46,711393",Sul,CAOS LEVE,,,,,,1,1,180°,SUSPENSO,
A01578,810009900,810009900,,"AVENIDA DO RIO BONITO, 2293",SOCORRO,"-23,692786","-46,701515",Sul,MINIMALISTA LEVE,,,,,,1,1,45°,SIMPLES,
A01580,810009915-2,810009915,,"AVENIDA NOSSA SENHORA DO SOCORRO, 392",SOCORRO,"-23,671675","-46,711598",Sul,CAOS LEVE,,,,,,1,1,180°,SUSPENSO,
A01581,810009934,810009934,,"AVENIDA LEBLON (PRACA MARCELO COSTA TAVARES ), 321",SOCORRO,"-23,681164","-46,71043",Sul,CAOS LEVE,,,,,,2,2,180°,SIMPLES/SUSPENSO,
A01582,850014044,850014044,48979,"AVENIDA ALBERTO AUGUSTO ALVES (RUA MANOEL CARNEIRO/ AVENIDA JOAO DIAS ), 50",VILA ANDRADE,"-23,64174","-46,735299",Sul,CAOS LEVE,1,1,45°,SIMPLES,BOE (AA),1,1,180°,SUSPENSO,
A01584,850015995-1,850015995,,"AVENIDA MAJOR SYLVIO DE MAGALHAES PADILHA, 16747",VILA ANDRADE,"-23,630197","-46,717298",Sul,BRUTALISTA,,,,,,2,2,180°,SIMPLES,
A01585,850015995-2,850015995,,"AVENIDA MAJOR SYLVIO DE MAGALHAES PADILHA, 16747",VILA ANDRADE,"-23,630197","-46,717298",Sul,BRUTALISTA,,,,,,2,2,180°,SIMPLES,
A01586,850011168,850011168,43142,"RUA JOSE RAMON URTIZA, 181",VILA ANDRADE,"-23,635108","-46,734091",Sul,CAOS LEVE,1,1,45°,SIMPLES,BOE (AA),1,1,45°,SIMPLES,
A01588,920016410-1,920016410,,"AVENIDA BERNARDINO DE CAMPOS (VIADUTO STA GENEROSA - METRO PARAISO ), SN",VILA MARIANA,"-23,575482","-46,641281",Sul,CAOS LEVE,,,,,,2,2,180°,SIMPLES,
A01589,920016410-2,920016410,33010,"AVENIDA BERNARDINO DE CAMPOS (VIADUTO STA GENEROSA - METRO PARAISO ), SN",VILA MARIANA,"-23,575482","-46,641281",Sul,CAOS LEVE,1,1,45°,SIMPLES,BOE/DS,1,1,180°,SIMPLES,
A01590,9206289,9206289,33011,"AVENIDA BERNARDINO DE CAMPOS, 150",VILA MARIANA,"-23,572367","-46,643199",Sul,NEW TECH,1,1,90°,SIMPLES,BOE (DS),,,,,
A01591,920016411,920016411,,"AVENIDA BERNARDINO DE CAMPOS (RUA DO PARAÍSO ), OP 150",VILA MARIANA,"-23,572671","-46,642663",Sul,CAOS ESTRUTURADO,,,,,,2,2,180°,SIMPLES/SUSPENSO,
A01592,920015056,920015056,,"AVENIDA CONSELHEIRO RODRIGUES ALVES, 243",VILA MARIANA,"-23,583058","-46,640888",Sul,CAOS ESTRUTURADO,,,,,,,,,,
A01593,920015236,920015236,32647,"AVENIDA CONSELHEIRO RODRIGUES ALVES, OP 1275",VILA MARIANA,"-23,588082","-46,648301",Sul,CAOS LEVE,1,1,90°,SIMPLES,BOE (DS),1,1,180°,SIMPLES,
A01594,530015238,530015238,33174,"AVENIDA DOUTOR DANTE PAZZANESE (AVENIDA CONS RODRIGUES ALVES ), SN",MOEMA,"-23,586172","-46,648087",Sul,NEW TECH,1,1,90°,SIMPLES,BOE/DS,,,,,
A01595,530015239,530015239,43002,"AVENIDA DOUTOR DANTE PAZZANESE (AVENIDA PEDRO ALVARES CABRAL/ AVENIDA CONSELHEIRO RODRIGUES ALVES), 295",MOEMA,"-23,585544","-46,650945",Sul,CAOS LEVE,1,1,45°,SIMPLES,BOE (AA),1,1,180°,SUSPENSO,
A01596,920016714,920016714,,"AVENIDA ENGENHEIRO LUIS GOMES CARDIM SANGIRARDI (PRACA ANAPOPIS ), OP 252",VILA MARIANA,"-23,581122","-46,628963",Sul,CAOS LEVE,,,,,,2,2,180°,SIMPLES/SUSPENSO,
A01597,920016069,920016069,,"AVENIDA LACERDA FRANCO (RUA CEL DIOGO ), OP 1855",VILA MARIANA,"-23,578953","-46,625736",Sul,CAOS LEVE,,,,,,2,2,180°,SIMPLES/SUSPENSO,
A01598,920016070,920016070,,"AVENIDA LACERDA FRANCO, OP 2067",VILA MARIANA,"-23,58088","-46,626134",Sul,CAOS LEVE,,,,,,2,2,180°,SIMPLES/SUSPENSO,
A01599,920016071,920016071,,"AVENIDA LACERDA FRANCO, OP 2093",VILA MARIANA,"-23,581221","-46,62621",Sul,CAOS LEVE,,,,,,2,2,180°,SIMPLES/SUSPENSO,
A01600,920016363,920016363,32649,"AVENIDA PROFESSOR NOE AZEVEDO, OP 208",VILA MARIANA,"-23,588696","-46,634411",Sul,CAOS LEVE,1,1,90°,SIMPLES,BOE/DS,1,1,180°,SUSPENSO,
A01601,920016366,920016366,33182,"AVENIDA PROFESSOR NOE AZEVEDO, 208",VILA MARIANA,"-23,588917","-46,634789",Sul,CAOS LEVE,1,1,45°,SIMPLES,BOE/DS,1,1,180°,SUSPENSO,
A01603,530015173-1,530015173,,"RUA BORGES LAGOA (HOSPITAL SERVIDOR PUBLICO), 1755",MOEMA,"-23,596176","-46,653341",Sul,CAOS LEVE,,,,,,2,2,180°,SIMPLES/SUSPENSO,
A01604,530015173-2,530015173,43128,"RUA BORGES LAGOA (HOSPITAL SERVIDOR PUBLICO), 1755",MOEMA,"-23,596176","-46,653341",Sul,CAOS LEVE,1,1,45°,SIMPLES,BOE (AA),1,1,180°,SUSPENSO,
A01605,920015206,920015206,43126,"RUA BORGES LAGOA (RUA TEN GOMES RIBEIRO ), OP 125",VILA MARIANA,"-23,597258","-46,637924",Sul,NEW TECH,1,1,45°,SIMPLES,BOE (AA),,,,,
A01607,920015204,920015204,43129,"RUA BORGES LAGOA, 897",VILA MARIANA,"-23,596935","-46,645528",Sul,CAOS ESTRUTURADO,1,1,45°,SIMPLES,BOE (AA),,,,,
A01608,920015203,920015203,30940,"RUA BORGES LAGOA (RUA JOSÉ DE MAGALHÃES ), 1317",VILA MARIANA,"-23,596607","-46,64936",Sul,CAOS ESTRUTURADO,1,1,90°,SIMPLES,CHINA,,,,,
A01609,530015174-1,530015174,,"RUA BORGES LAGOA, 1603",MOEMA,"-23,596324","-46,652577",Sul,CAOS LEVE,,,,,,2,2,180°,SIMPLES/SUSPENSO,
A01610,530015174-2,530015174,43127,"RUA BORGES LAGOA, 1603",MOEMA,"-23,596324","-46,652577",Sul,CAOS LEVE,1,1,45°,SIMPLES,BOE/AA,1,1,180°,SUSPENSO,
A01611,920015211,920015211,43130,"RUA BOTUCATU (RUA DRº DIOGO DE FARIA), OP 537",VILA MARIANA,"-23,596162","-46,642562",Sul,CAOS ESTRUTURADO,1,1,45°,SIMPLES,BOE (AA),,,,,
A01612,920016062,920016062,,"RUA CORONEL DIOGO (RUA VASCONCELOS DRUMOND ), 1401",VILA MARIANA,"-23,581029","-46,615359",Sul,CAOS LEVE,,,,,,2,2,180°,SIMPLES/SUSPENSO,
A01613,920016061,920016061,,"RUA CORONEL DIOGO (RUA ROCHA GALVÃO ), 1430",VILA MARIANA,"-23,581356","-46,615122",Sul,CAOS LEVE,,,,,,2,2,180°,SIMPLES/SUSPENSO,
A01616,9206248,9206248,32651,"RUA DOMINGOS DE MORAIS , 512",VILA MARIANA,"-23,58142","-46,639042",Sul,CAOS ESTRUTURADO,1,1,90°,SIMPLES,BOE (DS),,,,,
A01617,920016367,920016367,30939,"RUA DOMINGOS DE MORAIS , 2012",VILA MARIANA,"-23,593756","-46,636769",Sul,CAOS ESTRUTURADO,1,1,90°,SIMPLES,CHINA,,,,,
A01618,920016361-1,920016361,,"RUA DOMINGOS DE MORAIS , OP 2544",VILA MARIANA,"-23,599342","-46,636503",Sul,CAOS ESTRUTURADO,,,,,,2,2,180°,SIMPLES,
A01619,920016361-2,920016361,,"RUA DOMINGOS DE MORAIS , OP 2544",VILA MARIANA,"-23,599342","-46,636503",Sul,CAOS ESTRUTURADO,,,,,,1,2,90°,DUPLA FACE,
A01620,790016359,790016359,,"RUA DOMINGOS DE MORAIS (RUA OUVIDORUA PELEJA ), 3015",SAUDE,"-23,603027","-46,636561",Sul,CAOS LEVE,,,,,,2,2,180°,SIMPLES/SUSPENSO,
A01621,920015268,920015268,,"RUA DOUTOR AMANCIO DE CARVALHO, OP 507",VILA MARIANA,"-23,585755","-46,647776",Sul,CAOS LEVE,,,,,,2,2,180°,SIMPLES/SUSPENSO,
A01622,920016055,920016055,33164,"RUA DOUTOR NETO DE ARAUJO , 45",VILA MARIANA,"-23,586399","-46,634435",Sul,CAOS LEVE,1,1,90°,SIMPLES,BOE (AA),1,1,180°,SUSPENSO,
A01623,920015298,920015298,30857,"RUA DOUTOR RAFAEL DE BARROS, 132",VILA MARIANA,"-23,572305","-46,645799",Sul,CAOS ESTRUTURADO,1,1,90°,SIMPLES,CHINA,1,1,180°,SUSPENSO,
A01624,920010994,920010994,33173,"RUA FRANCISCO CRUZ (PRACA MONTEIRO DOS SANTOS ), 707",VILA MARIANA,"-23,58902","-46,629082",Sul,CAOS LEVE,1,1,90°,SIMPLES,BOE (DS),1,1,180°,SUSPENSO,
A01626,920016720,920016720,,"RUA JOSE DO PATROCINIO, OP 421",VILA MARIANA,"-23,579408","-46,632175",Sul,MINIMALISTA LEVE,,,,,,2,2,180°,SIMPLES,
A01627,920015224,920015224,,"RUA LEONARDO NUNES (RUA PEDRO DE TOLEDO), OP 179",VILA MARIANA,"-23,598801","-46,639209",Sul,CAOS LEVE,,,,,,2,2,180°,SIMPLES/SUSPENSO,
A01629,920010950,920010950,43147,"RUA LOEFGREEN (RUA JURÉIA ), OP 441",VILA MARIANA,"-23,599677","-46,629935",Sul,CAOS LEVE,1,1,45°,SIMPLES,BOE (AA),1,1,180°,SUSPENSO,
A01630,9205753,9205753,43146,"RUA LOEFGREEN, OP 1057",VILA MARIANA,"-23,599587","-46,636103",Sul,CAOS ESTRUTURADO,1,1,45°,SIMPLES,BOE (AA),,,,,
A01631,790015103,790015103,,"RUA LOEFGREEN (RUA BOTUCATU), OP 1765",SAUDE,"-23,59962","-46,642666",Sul,CAOS ESTRUTURADO,,,,,,,,,,
A01632,790015104,790015104,,"RUA LOEFGREEN, 1974",SAUDE,"-23,599461","-46,644748",Sul,CAOS ESTRUTURADO,,,,,,,,,,
A01633,920015105,920015105,30942,"RUA LOEFGREEN (RUA LEANDRO DUPRET ), 2152",VILA MARIANA,"-23,599302","-46,646582",Sul,CAOS ESTRUTURADO,1,1,90°,SIMPLES,CHINA,,,,,
A01634,920015226,920015226,,"RUA MACHADO BITENCOURT (RUA PEDRO DE TOLEDO ), OP 190",VILA MARIANA,"-23,598657","-46,638328",Sul,CAOS LEVE,,,,,,2,2,180°,SIMPLES/SUSPENSO,
A01635,920015227,920015227,,"RUA MACHADO BITENCOURT (RUA PEDRO DE TOLEDO ), 237",VILA MARIANA,"-23,599438","-46,638329",Sul,CAOS LEVE,,,,,,2,2,180°,SIMPLES/SUSPENSO,
A01636,920015231-1,920015231,,"RUA PEDRO DE TOLEDO, 39",VILA MARIANA,"-23,598504","-46,636877",Sul,CAOS LEVE,,,,,,1,1,180°,SUSPENSO,
A01637,920015231-2,920015231,,"RUA PEDRO DE TOLEDO, 39",VILA MARIANA,"-23,598504","-46,636877",Sul,CAOS LEVE,,,,,,2,2,180°,SUSPENSO - SIMPLES,
A01638,920015225,920015225,30941,"RUA PEDRO DE TOLEDO (RUA MACHADO BITENCOURT), 179",VILA MARIANA,"-23,598563","-46,638585",Sul,CAOS ESTRUTURADO,1,1,45°,SIMPLES,BOE/DS,,,,,
A01639,920015222,920015222,43151,"RUA PEDRO DE TOLEDO (RUA MARSELHESA), 519",VILA MARIANA,"-23,598568","-46,641686",Sul,CAOS ESTRUTURADO,1,1,45°,SIMPLES,BOE (AA),,,,,
A01640,920015221,920015221,43152,"RUA PEDRO DE TOLEDO (RUA MARSELHESA), 520",VILA MARIANA,"-23,598423","-46,64171",Sul,CAOS ESTRUTURADO,1,1,45°,SIMPLES,BOE (AA),,,,,
A01641,920015208,920015208,33161,"RUA PEDRO DE TOLEDO , 844",VILA MARIANA,"-23,598152","-46,645034",Sul,NEW TECH,1,1,90°,SIMPLES,BOE (DS),,,,,
A01642,920015219,920015219,32652,"RUA PEDRO DE TOLEDO , 1082",VILA MARIANA,"-23,597943","-46,647383",Sul,CAOS ESTRUTURADO,1,1,90°,SIMPLES,BOE (AA),,,,,
A01643,920015220,920015220,32500,"RUA PEDRO DE TOLEDO (RUA JOSÉ DE MAGALHÃES), 1366",VILA MARIANA,"-23,597727","-46,649874",Sul,CAOS LEVE,1,1,90°,SIMPLES,BOE (DS),1,1,180°,SUSPENSO,
A01644,5305689,5305689,43150,"RUA PEDRO DE TOLEDO (HSPE), 1700",MOEMA,"-23,597423","-46,653486",Sul,CAOS LEVE,1,1,45°,SIMPLES,BOE (AA),2,2,180°,SIMPLES/SUSPENSO,
A01646,540014146-2,540014146,,"AVENIDA PAES DE BARROS, 2226",MOOCA,"-23,570096","-46,587572",Leste,CAOS LEVE,,,,,,,,,,
A01648,920010952,920010952,,"RUA SANTA CRUZ, 398",VILA MARIANA,"-23,596921","-46,633207",Sul,CAOS LEVE,,,,,,2,2,180°,SIMPLES/SUSPENSO,
A01649,270016253,270016253,,"RUA SANTA CRUZ (RUA DOM SEBASTIÃO DO REGO), 1755",CURSINO,"-23,601539","-46,621304",Sul,CAOS ESTRUTURADO,,,,,,,,,,
A01651,920015233,920015233,33159,"RUA SENA MADUREIRA (RUA CAP MACEDO), 442",VILA MARIANA,"-23,593514","-46,640256",Sul,CAOS ESTRUTURADO,1,1,90°,SIMPLES,BOE/DS,,,,,
A01653,9206417,9206417,30863,"RUA SENA MADUREIRA (PRACA KENICHI NAKAGAWA ), OP 1225",VILA MARIANA,"-23,592798","-46,647277",Sul,CAOS LEVE,1,1,90°,SIMPLES,LG,1,1,180°,SUSPENSO,
A01654,920015230-3,920015230,,"RUA TENENTE GOMES RIBEIRO, OP 216",VILA MARIANA,"-23,599147","-46,637584",Sul,CAOS LEVE,,,,,,,,,,
A01655,920015230-4,920015230,,"RUA TENENTE GOMES RIBEIRO, OP 216",VILA MARIANA,"-23,599147","-46,637584",Sul,CAOS LEVE,,,,,,2,2,180°,SIMPLES/SUSPENSO,
A01656,920015230-1,920015230,,"RUA TENENTE GOMES RIBEIRO, OP 236",VILA MARIANA,"-23,599147","-46,637584",Sul,CAOS LEVE,,,,,,2,2,180°,SIMPLES/SUSPENSO,
A01657,920015230-2,920015230,,"RUA TENENTE GOMES RIBEIRO, OP 236",VILA MARIANA,"-23,599147","-46,637584",Sul,CAOS LEVE,,,,,,1,1,180°,SUSPENSO,
A01658,920015230-5,920015230,,"RUA TENENTE GOMES RIBEIRO, OP 236",VILA MARIANA,"-23,599147","-46,637584",Sul,CAOS LEVE,,,,,,2,2,180°,SIMPLES/SUSPENSO,
A01659,920015275,920015275,33486,"RUA TUTOIA (RUA EVARISTO DE MORAIS), OP 641",VILA MARIANA,"-23,576471","-46,650846",Sul,CAOS ESTRUTURADO,1,1,90°,SIMPLES,CHINA,,,,,
A01660,920015272,920015272,30935,"RUA TUTOIA, OP 948",VILA MARIANA,"-23,579173","-46,651067",Sul,CAOS ESTRUTURADO,1,1,90°,SIMPLES,CHINA,,,,,
A01661,920016189,920016189,,"RUA VERGUEIRO (METRO CHACALA KLABIN, 3799",VILA MARIANA,"-23,592466","-46,630628",Sul,CAOS ESTRUTURADO,,,,,,2,2,180°,SIMPLES/SUSPENSO,
A01662,920016408,920016408,43156,"RUA VERGUEIRO (OPOSTO METRO PARAISO (C/B), 1476",VILA MARIANA,"-23,575124","-46,640858",Sul,CAOS LEVE,1,1,45°,SIMPLES,BOE (AA),,,,,
A01663,480014645,480014645,,"PRAÇA FERNANDO PACHECO DE CASTRO, 56",LAPA,"-23,535578","-46,718814",Matriz,CAOS LEVE,,,,,,2,2,180°,SIMPLES/SUSPENSO,
A01664,490016692,490016692,,"RUA VERGUEIRO , 685",LIBERDADE,"-23,568086","-46,64005",Leste,CAOS LEVE,,,,,,2,2,180°,SIMPLES/SUSPENSO,
A01665,490016694,490016694,,"RUA VERGUEIRO (METRO VERGUEIRO, 789",LIBERDADE,"-23,568862","-46,639798",Leste,CAOS ESTRUTURADO,,,,,,1,2,90°,DUPLA FACE,
A01666,490016693,490016693,,"RUA VERGUEIRO (METRO VERGUEIRO, 790",LIBERDADE,"-23,568932","-46,640024",Leste,CAOS ESTRUTURADO,,,,,,1,2,90°,DUPLA FACE,
A01667,490016698,490016698,33151,"RUA VERGUEIRO , 1149",LIBERDADE,"-23,572201","-46,639796",Leste,CAOS ESTRUTURADO,1,1,90°,SIMPLES,BOE (AA),,,,,
A01668,920016407,920016407,,"RUA VERGUEIRO (RUA EDUARDO AMARO - METRÔ PARAÍSO ), 1505",VILA MARIANA,"-23,57517","-46,640498",Sul,CAOS LEVE,,,,,,2,2,180°,SIMPLES/SUSPENSO,
A01669,920016405,920016405,,"RUA VERGUEIRO , 1855",VILA MARIANA,"-23,578435","-46,640071",Sul,CAOS LEVE,,,,,,1,1,180°,SUSPENSO,
A01670,920016702-1,920016702,,"RUA VERGUEIRO, 2060",VILA MARIANA,"-23,580566","-46,639154",Sul,CAOS LEVE,,,,,,2,2,180°,SIMPLES/SUSPENSO,
A01671,920016702-2,920016702,33470,"RUA VERGUEIRO, 2060",VILA MARIANA,"-23,580566","-46,639154",Sul,CAOS LEVE,1,1,45°,SIMPLES,BOE/DS,1,1,180°,SUSPENSO,
A01672,920016404,920016404,,"RUA VERGUEIRO, 2229",VILA MARIANA,"-23,581446","-46,638174",Sul,CAOS LEVE,,,,,,1,1,180°,SIMPLES,
A01673,9206523,9206523,32654,"RUA VERGUEIRO, 2418",VILA MARIANA,"-23,583189","-46,637524",Sul,CAOS LEVE,1,1,90°,SIMPLES,BOE/DS,1,1,180°,SUSPENSO,
A01674,920016403,920016403,30945,"RUA VERGUEIRO, 2575",VILA MARIANA,"-23,584072","-46,636464",Sul,CAOS ESTRUTURADO,1,1,90°,SIMPLES,CHINA,,,,,
A01675,920016192,920016192,33169,"RUA VERGUEIRO, 4210",VILA MARIANA,"-23,595052","-46,627301",Sul,CAOS LEVE,1,1,90°,SIMPLES,BOE (DS),1,1,180°,SUSPENSO,
A01676,920016191,920016191,43157,"RUA VERGUEIRO (RUA ITÁPRIAS - PRÓX. HOSPITAL SEPACO), 4241",VILA MARIANA,"-23,594971","-46,626899",Sul,CAOS LEVE,1,1,45°,SIMPLES,BOE/AA,,,,,
A01678,920016258,920016258,43158,"RUA VERGUEIRO, 4600",VILA MARIANA,"-23,594642","-46,623289",Sul,CAOS ESTRUTURADO,1,1,45°,SIMPLES,BOE (AA),,,,,
A01680,270016242,270016242,48860,"RUA VERGUEIRO (RUA VINTE QUATRO DE OUTUBRO), 5735",CURSINO,"-23,596376","-46,616502",Sul,CAOS ESTRUTURADO,1,1,45°,SIMPLES,BOE (AA),,,,,
A01681,270016232,270016232,,"RUA VERGUEIRO , 7165",CURSINO,"-23,608475","-46,613439",Sul,CAOS LEVE,,,,,,2,2,180°,SIMPLES/SUSPENSO,
A01682,270016231,270016231,,"RUA VERGUEIRO (RUA SÃO DANIEL ), OP 7263",CURSINO,"-23,609149","-46,612688",Sul,CAOS LEVE,,,,,,2,2,180°,SIMPLES/SUSPENSO,
A01683,330016227,330016227,,"RUA VERGUEIRO, 7810",IPIRANGA,"-23,610818","-46,608683",Sul,CAOS LEVE,,,,,,2,2,180°,SIMPLES/SUSPENSO,
A01684,6905080,6905080,,"RUA VERGUEIRO, 8081",SACOMA,"-23,612276","-46,60718",Sul,CAOS LEVE,,,,,,2,2,180°,SIMPLES/SUSPENSO,
A01685,690011042,690011042,,"RUA VERGUEIRO (RUA PROFº VILALVA JRUA ), 8461",SACOMA,"-23,615315","-46,604989",Sul,CAOS LEVE,,,,,,1,1,180°,SUSPENSO,
A01686,690011041,690011041,,"RUA VERGUEIRO, 8717",SACOMA,"-23,616226","-46,606386",Sul,CAOS LEVE,,,,,,1,1,180°,SUSPENSO,